省份,执行月份,用电类别,电压等级,平段电价(元),高峰电价(元),低谷电价(元),尖峰电价(元),深谷电价(元),尖峰时段,高峰时段,平时段,低谷时段,深谷时段,特殊规则备注
北京,2025年1月,工商业两部制,1-10千伏,0.65179175,0.88935775,0.41422575,1.01605975,无,18:00-21:00,10:00-13:00、17:00-18:00、21:00-22:00,7:00-10:00、13:00-17:00、22:00-23:00,23:00-次日7:00,无,1月执行冬季尖峰电价规则
北京,2025年2月,工商业两部制,1-10千伏,0.65294275,0.88707675,0.41880875,无,无,无,10:00-13:00、17:00-22:00,7:00-10:00、13:00-17:00、22:00-23:00,23:00-次日7:00,无,无
北京,2025年3月,工商业两部制,1-10千伏,0.65359075,0.89218975,0.41499175,无,无,无,10:00-13:00、17:00-22:00,7:00-10:00、13:00-17:00、22:00-23:00,23:00-次日7:00,无,无
北京,2025年4月,工商业两部制,1-10千伏,0.66021175,0.90057475,0.41984875,无,无,无,10:00-13:00、17:00-22:00,7:00-10:00、13:00-17:00、22:00-23:00,23:00-次日7:00,无,无
北京,2025年5月,工商业两部制,1-10千伏,0.64954975,0.88731275,0.41178675,无,无,无,10:00-13:00、17:00-22:00,7:00-10:00、13:00-17:00、22:00-23:00,23:00-次日7:00,无,无
北京,2025年6月,工商业两部制,1-10千伏,0.64417675,0.88410775,0.40424575,无,无,无,10:00-13:00、17:00-22:00,7:00-10:00、13:00-17:00、22:00-23:00,23:00-次日7:00,无,无
北京,2025年7月,工商业两部制,1-10千伏,0.64766575,0.89150475,0.40382675,1.02155175,无,11:00-13:00、16:00-17:00,10:00-11:00、17:00-22:00,7:00-10:00、13:00-16:00、22:00-23:00,23:00-次日7:00,无,7月执行夏季尖峰电价规则
北京,2025年8月,工商业两部制,1-10千伏,0.64896975,0.89170775,0.40623175,1.02116775,无,11:00-13:00、16:00-17:00,10:00-11:00、17:00-22:00,7:00-10:00、13:00-16:00、22:00-23:00,23:00-次日7:00,无,8月执行夏季尖峰电价规则
北京,2025年9月,工商业两部制,1-10千伏,0.65582075,0.89649575,0.41514575,无,无,无,10:00-13:00、17:00-22:00,7:00-10:00、13:00-17:00、22:00-23:00,23:00-次日7:00,无,无
北京,2025年10月,工商业两部制,1-10千伏,0.65319875,0.89104075,0.41535675,无,无,无,10:00-13:00、17:00-22:00,7:00-10:00、13:00-17:00、22:00-23:00,23:00-次日7:00,无,无
北京,2025年11月,工商业两部制,1-10千伏,0.64555075,0.88414275,0.40695875,无,无,无,10:00-13:00、17:00-22:00,7:00-10:00、13:00-17:00、22:00-23:00,23:00-次日7:00,无,无
北京,2025年12月,工商业两部制,1-10千伏,0.63797675,0.87632275,0.39963075,1.00344075,无,18:00-21:00,10:00-13:00、17:00-18:00、21:00-22:00,7:00-10:00、13:00-17:00、22:00-23:00,23:00-次日7:00,无,12月执行冬季尖峰电价规则

天津,2025年1月,大工业用电,1-10千伏,0.72250875,1.13192875,0.31308875,无,无,无,09:00-12:00、15:00-20:00,07:00-09:00、12:00-15:00、20:00-23:00,23:00-次日07:00,无,无
天津,2025年2月,大工业用电,1-10千伏,0.72090875,1.12925875,0.31255875,无,无,无,09:00-12:00、15:00-20:00,07:00-09:00、12:00-15:00、20:00-23:00,23:00-次日07:00,无,无
天津,2025年3月,大工业用电,1-10千伏,0.72158875,1.13038875,0.31278875,无,无,无,09:00-12:00、15:00-20:00,07:00-09:00、12:00-15:00、20:00-23:00,23:00-次日07:00,无,无
天津,2025年4月,大工业用电,1-10千伏,0.71736875,1.12335875,0.31138875,无,无,无,09:00-12:00、15:00-20:00,07:00-09:00、12:00-15:00、20:00-23:00,23:00-次日07:00,无,无
天津,2025年5月,大工业用电,1-10千伏,0.71976875,1.12735875,0.31218875,无,无,无,09:00-12:00、15:00-20:00,07:00-09:00、12:00-15:00、20:00-23:00,23:00-次日07:00,无,无
天津,2025年6月,大工业用电,1-10千伏,0.72565875,1.13717875,0.31414875,无,无,无,08:00-11:00、16:00-21:00,07:00-08:00、11:00-16:00、21:00-23:00,23:00-次日07:00,无,无
天津,2025年7月,大工业用电,1-10千伏,0.77894875,1.25992875,0.29796875,1.48179875,无,16:00-18:00,10:00-12:00、15:00-16:00、18:00-21:00,07:00-10:00、12:00-15:00、21:00-23:00,23:00-次日07:00,无,无
天津,2025年8月,大工业用电,1-10千伏,0.77022875,1.24538875,0.29506875,1.46468875,无,16:00-18:00,10:00-12:00、15:00-16:00、18:00-21:00,07:00-10:00、12:00-15:00、21:00-23:00,23:00-次日07:00,无,无
天津,2025年9月,大工业用电,1-10千伏,0.71650875,1.12192875,0.31109875,无,无,无,08:00-11:00、16:00-21:00,07:00-08:00、11:00-16:00、21:00-23:00,23:00-次日07:00,无,无
天津,2025年10月,大工业用电,1-10千伏,0.70144875,1.09681875,0.30607875,无,无,无,08:00-11:00、16:00-21:00,07:00-08:00、11:00-16:00、21:00-23:00,23:00-次日07:00,无,无
天津,2025年11月,大工业用电,1-10千伏,0.54575125,0.81131375,0.30080625,无,无,无,08:00-11:00、17:00-22:00,07:00-08:00、11:00-12:00、14:00-17:00、22:00-24:00,00:00-07:00、12:00-14:00,无,11月至次年5月12:00-14:00执行低谷电价
天津,2025年12月,大工业用电,1-10千伏,0.56958875,0.91583875,0.30282375,1.05342875,无,18:00-20:00,08:00-11:00、17:00-18:00、20:00-22:00,07:00-08:00、11:00-12:00、14:00-17:00、22:00-24:00,00:00-07:00、12:00-14:00,无,12月执行冬季尖峰电价且12:00-14:00执行低谷电价

山西,2025年1月,工商业两部制,1-10(20)千伏,0.60536575,0.81201975,0.39843275,0.91534675,无,18:00-20:00,08:00-11:00、17:00-18:00、20:00-23:00,07:00-08:00、13:00-17:00、23:00-24:00,00:00-07:00、11:00-13:00,无,1月执行尖峰电价
山西,2025年2月,工商业两部制,1-10(20)千伏,0.58738475,0.81881675,0.37523875,无,无,无,08:00-11:00、17:00-23:00,07:00-08:00、13:00-17:00、23:00-24:00,00:00-07:00、11:00-13:00,无,两部制用户1、7、8、12月执行尖峰电价
山西,2025年3月,工商业两部制,1-10(20)千伏,0.55772075,0.81556075,0.29788075,无,无,无,08:00-11:00、17:00-23:00,07:00-08:00、13:00-17:00、23:00-24:00,00:00-07:00、11:00-13:00,无,两部制用户1、7、8、12月执行尖峰电价
山西,2025年4月,工商业两部制,1-10(20)千伏,0.51811675,0.72104375,0.31404875,无,无,无,08:00-11:00、17:00-23:00,07:00-08:00、13:00-17:00、23:00-24:00,00:00-07:00、11:00-13:00,无,两部制用户1、7、8、12月执行尖峰电价
山西,2025年5月,工商业两部制,1-10(20)千伏,0.51630475,0.71804475,0.33137575,无,无,无,08:00-11:00、17:00-23:00,07:00-08:00、13:00-17:00、23:00-24:00,00:00-07:00、11:00-13:00,无,两部制用户1、7、8、12月执行尖峰电价
山西,2025年6月,工商业两部制,1-10(20)千伏,0.51970575,0.72154375,0.33450575,无,无,无,08:00-11:00、17:00-23:00,07:00-08:00、13:00-17:00、23:00-24:00,00:00-07:00、11:00-13:00,无,两部制用户1、7、8、12月执行尖峰电价
山西,2025年7月,工商业两部制,1-10(20)千伏,0.52277475,0.72365475,0.32189475,0.82409475,无,18:00-20:00,08:00-11:00、17:00-18:00、20:00-23:00,07:00-08:00、13:00-17:00、23:00-24:00,00:00-07:00、11:00-13:00,无,7月执行尖峰电价
山西,2025年8月,工商业两部制,1-10(20)千伏,0.50900975,0.71147775,0.30654175,0.81246575,无,18:00-20:00,08:00-11:00、17:00-18:00、20:00-23:00,07:00-08:00、13:00-17:00、23:00-24:00,00:00-07:00、11:00-13:00,无,8月执行尖峰电价
山西,2025年12月,两部制,1-10(20)千伏,0.58133375,0.85333375,0.33333375,0.98933375,无,18:00-20:00,08:00-11:00、17:00-18:00、20:00-24:00,07:00-08:00、13:00-17:00,00:00-07:00、11:00-13:00,无,12月执行冬季尖峰电价
山西,2025年09月,两部制,1-10(20)千伏,0.52755575,0.72826575,0.34357175,无,无,无,08:00-11:00、17:00-24:00,07:00-08:00、13:00-17:00,00:00-07:00、11:00-13:00,无,无
山西,2025年10月,两部制,1-10(20)千伏,0.53312125,0.74152375,0.33887125,无,无,无,08:00-11:00、17:00-24:00,07:00-08:00、13:00-17:00,00:00-07:00、11:00-13:00,无,无
山西,2025年11月,两部制,1-10(20)千伏,0.57085375,0.81184375,0.33709375,无,无,无,08:00-11:00、17:00-24:00,07:00-08:00、13:00-17:00,00:00-07:00、11:00-13:00,无,无

河北,2025年1月,工商业用电(两部制),1-10千伏,0.65104175,0.93755175,0.36453175,1.07671375,无,17:00-19:00,07:00-09:00、19:00-23:00,00:00-02:00、06:00-07:00、09:00-11:00、15:00-17:00、23:00-24:00,02:00-06:00、11:00-15:00,无,无
河北,2025年2月,工商业用电(两部制),1-10千伏,0.66926550,0.95731550,0.38121550,1.09722550,无,17:00-19:00,07:00-09:00、19:00-23:00,00:00-02:00、06:00-07:00、09:00-11:00、15:00-17:00、23:00-24:00,02:00-06:00、11:00-15:00,无,无
河北,2025年3月,工商业用电(两部制),1-10千伏,0.64378875,0.93078875,0.35678875,1.07018875,无,无,16:00-24:00,00:00-03:00、07:00-11:00、15:00-16:00,03:00-07:00、11:00-12:00,12:00-15:00,无
河北,2025年4月,工商业用电(两部制),1-10千伏,0.65849475,0.94220475,0.37478475,1.08000675,无,无,16:00-24:00,00:00-03:00、07:00-11:00、15:00-16:00,03:00-07:00、11:00-12:00,12:00-15:00,无
河北,2025年5月,工商业用电(两部制),1-10千伏,0.65104175,0.93755175,0.36453175,1.07671375,无,无,16:00-24:00,00:00-03:00、07:00-11:00、15:00-16:00,03:00-07:00、11:00-12:00,12:00-15:00,无
河北,2025年6月,工商业用电(两部制),1-10千伏,0.66128075,0.94807075,0.37449075,1.08736875,无,19:00-22:00,16:00-19:00、22:00-24:00,00:00-01:00、07:00-12:00、14:00-16:00,01:00-07:00、12:00-14:00,无,无
河北,2025年7月,工商业用电(两部制),1-10千伏,0.63789775,0.92454775,0.35124775,1.06377775,无,19:00-22:00,16:00-19:00、22:00-24:00,00:00-01:00、07:00-12:00、14:00-16:00,01:00-07:00、12:00-14:00,无,无
河北,2025年8月,工商业用电(两部制),1-10千伏,0.65004575,0.93690575,0.36318575,1.07623775,无,19:00-22:00,16:00-19:00、22:00-24:00,00:00-01:00、07:00-12:00、14:00-16:00,01:00-07:00、12:00-14:00,无,无
河北,2025年9月,工商业用电(两部制),1-10千伏,0.65147975,0.93609975,0.36685975,1.07434375,无,无,16:00-24:00,00:00-02:00、06:00-11:00、15:00-16:00,02:00-06:00、11:00-12:00、14:00-15:00,12:00-14:00,无
河北,2025年10月,工商业用电(两部制),1-10千伏,0.64871375,0.93491575,0.36251175,1.07392815,无,无,16:00-24:00,00:00-02:00、06:00-11:00、15:00-16:00,02:00-06:00、11:00-12:00、14:00-15:00,12:00-14:00,无
河北,2025年11月,工商业用电(两部制),1-10千伏,0.64514375,0.94280125,0.34748625,1.08737775,0.32197275,无,16:00-24:00,00:00-02:00、06:00-11:00、15:00-16:00,02:00-06:00、11:00-12:00、14:00-15:00,12:00-14:00,无
河北,2025年12月,工商业用电(两部制),1-10千伏,0.67959275,0.98636775,0.37281775,1.13537275,0.34652275,17:00-19:00,07:00-09:00、19:00-23:00,00:00-02:00、06:00-07:00、09:00-11:00、15:00-17:00、23:00-24:00,02:00-06:00、11:00-15:00,无,无
冀北,2025年1月,工商业用电(两部制),1-10千伏,0.61726875,0.90234475,0.33219275,1.04488275,无,18:00-19:00,10:00-12:00、17:00-18:00、19:00-20:00,07:00-10:00、12:00-17:00、20:00-23:00,23:00-07:00,无,1、7、8、12月执行尖峰时段
冀北,2025年2月,工商业用电(两部制),1-10千伏,0.62056875,0.90729475,0.33384275,无,无,无,10:00-12:00、17:00-20:00,07:00-10:00、12:00-17:00、20:00-23:00,23:00-07:00,无,1、7、8、12月执行尖峰时段
冀北,2025年3月,工商业用电(两部制),1-10千伏,0.61726875,0.90234475,0.33219275,无,无,无,10:00-12:00、17:00-20:00,07:00-10:00、12:00-17:00、20:00-23:00,23:00-07:00,无,1、7、8、12月执行尖峰时段
冀北,2025年4月,工商业用电(两部制),1-10千伏,0.61396875,0.89739475,0.33054275,无,无,无,10:00-12:00、17:00-20:00,07:00-10:00、12:00-17:00、20:00-23:00,23:00-07:00,无,1、7、8、12月执行尖峰时段
冀北,2025年5月,工商业用电(两部制),1-10千伏,0.60136875,0.87849475,0.32424275,无,无,无,10:00-12:00、17:00-20:00,07:00-10:00、12:00-17:00、20:00-23:00,23:00-07:00,无,1、7、8、12月执行尖峰时段
冀北,2025年6月,工商业用电(两部制),1-10千伏,0.60006875,0.87654475,0.32359275,无,无,无,10:00-12:00、17:00-20:00,07:00-10:00、12:00-17:00、20:00-23:00,23:00-07:00,无,1、7、8、12月执行尖峰时段
冀北,2025年7月,工商业用电(两部制),1-10千伏,0.59506875,0.86904475,0.32109275,1.00603275,无,18:00-19:00,10:00-12:00、17:00-18:00、19:00-20:00,07:00-10:00、12:00-17:00、20:00-23:00,23:00-07:00,无,1、7、8、12月执行尖峰时段
冀北,2025年8月,工商业用电(两部制),1-10千伏,0.60466875,0.88344475,0.32589275,1.02283275,无,18:00-19:00,10:00-12:00、17:00-18:00、19:00-20:00,07:00-10:00、12:00-17:00、20:00-23:00,23:00-07:00,无,1、7、8、12月执行尖峰时段
冀北,2025年9月,工商业用电(两部制),1-10千伏,0.59516875,0.86919475,0.32114275,无,无,无,10:00-12:00、17:00-20:00,07:00-10:00、12:00-17:00、20:00-23:00,23:00-07:00,无,1、7、8、12月执行尖峰时段
冀北,2025年10月,工商业用电(两部制),1-10千伏,0.59289675,0.86578675,0.32000675,无,无,无,10:00-12:00、17:00-20:00,07:00-10:00、12:00-17:00、20:00-23:00,23:00-07:00,无,1、7、8、12月执行尖峰时段
冀北,2025年11月,工商业及其它用电(单一制),1-10千伏,0.61481575,0.90543475,0.32419675,1.04659255,无,17:00-19:00,16:00-17:00、19:00-20:00,06:00-16:00、20:00-22:00,00:00-06:00、22:00-24:00,无,无
冀北,2025年12月,工商业及其它用电(单一制),1-10千伏,0.62859175,0.92063875,0.33654475,1.06249015,无,17:00-19:00,16:00-17:00、19:00-20:00,06:00-16:00、20:00-22:00,00:00-06:00、22:00-24:00,无,无

内蒙古东部（国网）,2025年1月,工商业用电(两部制),1-10千伏,0.540207,0.810311,0.270104,无,无,无,17:00-22:00,05:00-06:00、08:00-17:00、22:00-24:00,00:00-05:00、06:00-08:00,无,无
内蒙古东部（国网）,2025年2月,工商业用电(两部制),1-10千伏,0.536967,0.805451,0.268484,无,无,无,17:00-22:00,05:00-06:00、08:00-17:00、22:00-24:00,00:00-05:00、06:00-08:00,无,无
内蒙古东部（国网）,2025年3月,工商业用电(两部制),1-10千伏,0.540562,0.810843,0.270281,无,无,无,17:00-22:00,05:00-06:00、08:00-17:00、22:00-24:00,00:00-05:00、06:00-08:00,无,无
内蒙古东部（国网）,2025年4月,工商业用电(两部制),1-10千伏,0.528522,0.792783,0.264261,无,无,无,17:00-22:00,05:00-06:00、08:00-17:00、22:00-24:00,00:00-05:00、06:00-08:00,无,无
内蒙古东部（国网）,2025年5月,工商业用电(两部制),1-10千伏,0.532386,0.798579,0.266193,无,无,无,17:00-22:00,05:00-06:00、08:00-17:00、22:00-24:00,00:00-05:00、06:00-08:00,无,无
内蒙古东部（国网）,2025年6月,工商业用电(两部制),1-10千伏,0.533224,0.799836,0.266612,无,无,无,17:00-22:00,05:00-06:00、08:00-17:00、22:00-24:00,00:00-05:00、06:00-08:00,无,无
内蒙古东部（国网）,2025年7月,工商业用电(两部制),1-10千伏,0.529881,0.794822,0.264941,无,无,无,17:00-22:00,05:00-06:00、08:00-17:00、22:00-24:00,00:00-05:00、06:00-08:00,无,无
内蒙古东部（国网）,2025年8月,工商业用电(两部制),1-10千伏,0.531273,0.796910,0.265637,无,无,无,17:00-22:00,05:00-06:00、08:00-17:00、22:00-24:00,00:00-05:00、06:00-08:00,无,无
内蒙古东部（国网）,2025年9月,工商业用电,1-10千伏,0.370252,0.552834,0.187670,0.735416,无,无,06:00-08:00、17:00-22:00,05:00-06:00、08:00-11:00、14:00-17:00、22:00-24:00,11:00-14:00、00:00-05:00,无,每年6-8月实施尖峰及深谷
内蒙古东部（国网）,2025年10月,工商业用电,1-10千伏,0.379422,0.566589,0.192255,0.753756,无,无,06:00-08:00、17:00-22:00,05:00-06:00、08:00-11:00、14:00-17:00、22:00-24:00,11:00-14:00、00:00-05:00,无,每年6-8月实施尖峰及深谷
内蒙古东部（国网）,2025年11月,工商业用电,1-10千伏,0.385214,0.575277,0.195151,0.765340,无,无,06:00-08:00、17:00-22:00,05:00-06:00、08:00-11:00、14:00-17:00、22:00-24:00,11:00-14:00、00:00-05:00,无,每年6-8月实施尖峰及深谷
内蒙古东部（国网）,2025年12月,工商业用电,1-10千伏,0.391230,0.584301,0.198159,0.777372,无,无,06:00-08:00、17:00-22:00,05:00-06:00、08:00-11:00、14:00-17:00、22:00-24:00,11:00-14:00、00:00-05:00,无,每年6-8月实施尖峰及深谷
内蒙古西部（内蒙古电力）,2025年1月,工商业用电(两部制),1-10千伏,0.435525,0.655525,0.215525,无,无,无,17:00-21:00,05:00-11:00、16:00-17:00、21:00-23:00,00:00-05:00、11:00-16:00、23:00-24:00,无,大风季时段划分无特殊节假日规定
内蒙古西部（内蒙古电力）,2025年2月,工商业用电(两部制),1-10千伏,0.435525,0.655525,0.215525,无,无,无,17:00-21:00,05:00-11:00、16:00-17:00、21:00-23:00,00:00-05:00、11:00-16:00、23:00-24:00,无,大风季时段划分无特殊节假日规定
内蒙古西部（内蒙古电力）,2025年3月,工商业用电(两部制),1-10千伏,0.435525,0.655525,0.215525,无,无,无,17:00-21:00,05:00-11:00、16:00-17:00、21:00-23:00,00:00-05:00、11:00-16:00、23:00-24:00,无,大风季时段划分无特殊节假日规定
内蒙古西部（内蒙古电力）,2025年4月,工商业用电(两部制),1-10千伏,0.435525,0.655525,0.215525,无,无,无,17:00-21:00,05:00-11:00、16:00-17:00、21:00-23:00,00:00-05:00、11:00-16:00、23:00-24:00,无,大风季时段划分无特殊节假日规定
内蒙古西部（内蒙古电力）,2025年5月,工商业用电(两部制),1-10千伏,0.435525,0.655525,0.215525,无,无,无,17:00-21:00,05:00-11:00、16:00-17:00、21:00-23:00,00:00-05:00、11:00-16:00、23:00-24:00,无,大风季时段划分无特殊节假日规定
内蒙古西部（内蒙古电力）,2025年6月,工商业用电(两部制),1-10千伏,0.450425,0.693425,0.198425,0.831425,0.158425,19:00-21:00,06:00-08:00、18:00-19:00、21:00-22:00,00:00-06:00、08:00-11:00、16:00-18:00、22:00-24:00,11:00-13:00、15:00-16:00,13:00-15:00,小风季执行尖峰电价及深谷电价
内蒙古西部（内蒙古电力）,2025年7月,工商业用电(两部制),1-10千伏,0.450425,0.693425,0.198425,0.831425,0.158425,19:00-21:00,06:00-08:00、18:00-19:00、21:00-22:00,00:00-06:00、08:00-11:00、16:00-18:00、22:00-24:00,11:00-13:00、15:00-16:00,13:00-15:00,小风季执行尖峰电价及深谷电价
内蒙古西部（内蒙古电力）,2025年8月,工商业用电(两部制),1-10千伏,0.609425,0.938514,0.268147,1.126218,0.214517,19:00-21:00,06:00-08:00、18:00-19:00、21:00-22:00,00:00-06:00、08:00-11:00、16:00-18:00、22:00-24:00,11:00-13:00、15:00-16:00,13:00-15:00,小风季(6-8月)每年实施尖峰电价及深谷电价
内蒙古西部（内蒙古电力）,2025年9月,工商业用电(两部制),1-10(20)千伏,0.454525,0.673553,0.287033,无,无,无,06:00-08:00、18:00-22:00,04:00-06:00、08:00-11:00、16:00-18:00、22:00-24:00,00:00-04:00、11:00-16:00,无,大风季时段划分无特殊节假日规定
内蒙古西部（内蒙古电力）,2025年10月,工商业用电(两部制),1-10(20)千伏,0.461925,0.685373,0.291053,无,无,无,06:00-08:00、18:00-22:00,04:00-06:00、08:00-11:00、16:00-18:00、22:00-24:00,00:00-04:00、11:00-16:00,无,大风季时段划分无特殊节假日规定
内蒙古西部（内蒙古电力）,2025年11月,工商业用电(两部制),1-10(20)千伏,0.445825,0.659957,0.282077,无,无,无,06:00-08:00、18:00-22:00,04:00-06:00、08:00-11:00、16:00-18:00、22:00-24:00,00:00-04:00、11:00-16:00,无,大风季时段划分无特殊节假日规定
内蒙古西部（内蒙古电力）,2025年12月,工商业用电(两部制),1-10(20)千伏,0.412725,0.614209,0.258649,无,无,无,06:00-08:00、18:00-22:00,04:00-06:00、08:00-11:00、16:00-18:00、22:00-24:00,00:00-04:00、11:00-16:00,无,大风季时段划分无特殊节假日规定

辽宁,2025年1月,工商业用电,1~10(20)千伏,0.597216,0.866292,0.328140,1.068098,无,17:00-19:00,07:30-10:30、16:00-17:00、19:00-21:00,05:00-07:30、10:30-11:30、12:30-16:00、21:00-22:00,11:30-12:30、22:00-05:00,无,每年1、7、8、12月执行尖峰电价
辽宁,2025年2月,工商业用电,1~10(20)千伏,0.582887,0.855833,0.309941,无,无,无,07:30-10:30、16:00-21:00,05:00-07:30、10:30-11:30、12:30-16:00、21:00-22:00,11:30-12:30、22:00-05:00,无,每年1、7、8、12月执行尖峰电价
辽宁,2025年3月,工商业用电,1~10(20)千伏,0.628122,0.840246,0.415998,无,无,无,07:30-10:30、16:00-21:00,05:00-07:30、10:30-11:30、12:30-16:00、21:00-22:00,11:30-12:30、22:00-05:00,无,每年1、7、8、12月执行尖峰电价
辽宁,2025年4月,工商业用电,1~10(20)千伏,0.608685,0.812080,0.405291,无,无,无,07:30-10:30、16:00-21:00,05:00-07:30、10:30-11:30、12:30-16:00、21:00-22:00,11:30-12:30、22:00-05:00,无,每年1、7、8、12月执行尖峰电价
辽宁,2025年5月,工商业用电,1~10(20)千伏,0.616397,0.832126,0.400669,无,无,无,07:30-10:30、16:00-21:00,05:00-07:30、10:30-11:30、12:30-16:00、21:00-22:00,11:30-12:30、22:00-05:00,无,每年1、7、8、12月执行尖峰电价
辽宁,2025年6月,工商业用电,1~10(20)千伏,0.611604,0.826186,0.397022,无,无,无,07:30-10:30、16:00-21:00,05:00-07:30、10:30-11:30、12:30-16:00、21:00-22:00,11:30-12:30、22:00-05:00,无,每年1、7、8、12月执行尖峰电价
辽宁,2025年7月,工商业两部制,1-10(20)千伏,0.680702,0.889116,0.472288,1.045426,无,17:00-19:00,07:30-10:30、16:00-17:00、19:00-21:00,05:00-07:30、10:30-11:30、12:30-16:00、21:00-22:00,11:30-12:30、22:00-05:00,无,现货市场运行期间实际购电价格按市场价格结算、上网环节线损等不参与分时浮动
辽宁,2025年8月,工商业两部制,1-10(20)千伏,0.694114,0.905651,0.482576,1.064304,无,17:00-19:00,07:30-10:30、16:00-17:00、19:00-21:00,05:00-07:30、10:30-11:30、12:30-16:00、21:00-22:00,11:30-12:30、22:00-05:00,无,现货市场运行期间实际购电价格按市场价格结算、上网环节线损等不参与分时浮动
辽宁,2025年9月,工商业两部制,1-10(20)千伏,0.733103,0.955108,0.511097,无,无,无,07:30-10:30、16:00-21:00,05:00-07:30、10:30-11:30、12:30-16:00、21:00-22:00,11:30-12:30、22:00-05:00,无,现货市场运行期间实际购电价格按市场价格结算、上网环节线损等不参与分时浮动
辽宁,2025年10月,工商业两部制,1-10(20)千伏,0.702432,0.916142,0.488723,无,无,无,07:30-10:30、16:00-21:00,05:00-07:30、10:30-11:30、12:30-16:00、21:00-22:00,11:30-12:30、22:00-05:00,无,现货市场运行期间实际购电价格按市场价格结算、上网环节线损等不参与分时浮动
辽宁,2025年11月,工商业两部制,1-10(20)千伏,0.674228,0.879675,0.468782,无,无,无,07:30-10:30、16:00-21:00,05:00-07:30、10:30-11:30、12:30-16:00、21:00-22:00,11:30-12:30、22:00-05:00,无,现货市场运行期间实际购电价格按市场价格结算、上网环节线损等不参与分时浮动
辽宁,2025年12月,工商业两部制,1-10(20)千伏,0.704061,0.925021,0.483100,1.090741,无,17:00-19:00,07:30-10:30、16:00-17:00、19:00-21:00,05:00-07:30、10:30-11:30、12:30-16:00、21:00-22:00,11:30-12:30、22:00-05:00,无,现货市场按市场价格结算、跨省跨区应急调度费用纳入系统运行费由用户和发电企业共同分摊分享

吉林,2025年1月,工商业两部制,1-10千伏,0.693009,0.9391989,0.4468191,1.1126509,无,16:00-19:00,9:00-11:30、15:30-21:00,6:00-9:00、11:30-12:30、13:30-15:30、21:00-23:00,23:00-6:00、12:30-13:30,无,高峰和低谷时段上下浮动55%、尖峰时段上浮25%、相关基金及附加和运行费等不参与浮动
吉林,2025年2月,工商业两部制,1-10千伏,0.694658,0.9304502,0.4588659,1.0965764,无,无,9:00-11:30、15:30-21:00,6:00-9:00、11:30-12:30、13:30-15:30、21:00-23:00,23:00-6:00、12:30-13:30,无,高峰和低谷时段上下浮动55%、尖峰时段上浮25%、相关基金及附加和运行费等不参与浮动
吉林,2025年3月,工商业两部制,1-10千伏,0.693049,0.9294946,0.4566035,1.0960812,无,无,9:00-11:30、15:30-21:00,6:00-9:00、11:30-12:30、13:30-15:30、21:00-23:00,23:00-6:00、12:30-13:30,无,高峰和低谷时段上下浮动55%、尖峰时段上浮25%、相关基金及附加和运行费等不参与浮动
吉林,2025年4月,工商业两部制,1-10千伏,0.694835,0.9076014,0.4820686,无,无,无,8:00-10:00、16:00-21:00,5:00-8:00、10:00-11:00、14:00-16:00、21:00-23:00,00:00-5:00、11:00-14:00、23:00-24:00,无,高峰低谷上下浮动55%、尖峰电价按灵活启动机制执行、线损及系统运行费等均不参与峰谷浮动
吉林,2025年5月,工商业用电(两部制),1-10千伏,0.697326,0.9168068,0.4778452,无,无,无,08:00-10:00、16:00-21:00,05:00-08:00、10:00-11:00、14:00-16:00、21:00-23:00,00:00-05:00、11:00-14:00、23:00-24:00,无,尖峰电价调整为灵活启动机制
吉林,2025年6月,工商业用电(两部制),1-10千伏,0.690165,0.9058657,0.4744644,无,无,无,08:00-10:00、16:00-21:00,05:00-08:00、10:00-11:00、14:00-16:00、21:00-23:00,00:00-05:00、11:00-14:00、23:00-24:00,无,尖峰电价调整为灵活启动机制
吉林,2025年7月,工商业用电(两部制),1-10千伏,0.675399,0.8869169,0.4638811,无,无,无,08:00-10:00、16:00-21:00,05:00-08:00、10:00-11:00、14:00-16:00、21:00-23:00,00:00-05:00、11:00-14:00、23:00-24:00,无,尖峰电价调整为灵活启动机制
吉林,2025年8月,工商业用电(两部制),1-10千伏,0.687228,0.92414,0.4503161,无,无,无,08:00-10:00、16:00-21:00,05:00-08:00、10:00-11:00、14:00-16:00、21:00-23:00,00:00-05:00、11:00-14:00、23:00-24:00,无,尖峰电价调整为灵活启动机制
吉林,2025年9月,工商业用电(两部制),1-10千伏,0.685971,0.9130165,0.4589255,无,无,无,08:00-10:00、16:00-21:00,05:00-08:00、10:00-11:00、14:00-16:00、21:00-23:00,00:00-05:00、11:00-14:00、23:00-24:00,无,尖峰电价调整为灵活启动机制
吉林,2025年10月,工商业用电(两部制),1-10千伏,0.678816,0.9119924,0.4456397,无,无,无,08:00-10:00、16:00-21:00,05:00-08:00、10:00-11:00、14:00-16:00、21:00-23:00,00:00-05:00、11:00-14:00、23:00-24:00,无,尖峰电价调整为灵活启动机制
吉林,2025年11月,工商业两部制,1-10千伏,0.679877,0.9144735,0.4452806,无,无,无,8:00-10:00、16:00-21:00,5:00-8:00、10:00-11:00、14:00-16:00、21:00-23:00,00:00-5:00、11:00-14:00、23:00-24:00,无,高峰低谷上下浮动55%、尖峰调整为灵活启动机制、部分费用不参与峰谷浮动
吉林,2025年12月,工商业两部制,1-10千伏,0.697609,0.9283736,0.4668444,无,无,无,8:00-10:00、16:00-21:00,5:00-8:00、10:00-11:00、14:00-16:00、21:00-23:00,00:00-5:00、11:00-14:00、23:00-24:00,无,高峰低谷上下浮动55%、尖峰调整为灵活启动机制、部分费用不参与峰谷浮动

黑龙江,2025年5月,工商业两部制,1-10(20)千伏,0.629965,0.829824,0.430106,无,无,无,7:00-8:00、9:00-11:30、15:30-20:00,5:30-7:00、8:00-9:00、11:30-12:00、14:00-15:30、20:00-23:30,12:00-14:00、23:30-5:30,无,电量上网电价执行峰谷分时、高峰上浮50%、低谷下浮50%、暂停执行尖峰电价
黑龙江,2025年6月,工商业两部制,1-10(20)千伏,0.629965,0.830889,0.429042,无,无,无,7:00-8:00、9:00-11:30、15:30-20:00,5:30-7:00、8:00-9:00、11:30-12:00、14:00-15:30、20:00-23:30,12:00-14:00、23:30-5:30,无,电量上网电价执行峰谷分时、高峰上浮50%、低谷下浮50%、暂停执行尖峰电价
黑龙江,2025年7月,工商业两部制,1-10(20)千伏,0.629965,0.825081,0.434850,无,无,无,7:00-8:00、9:00-11:30、15:30-20:00,5:30-7:00、8:00-9:00、11:30-12:00、14:00-15:30、20:00-23:30,12:00-14:00、23:30-5:30,无,电量上网电价执行峰谷分时、高峰上浮50%、低谷下浮50%、暂停执行尖峰电价
黑龙江,2025年8月,工商业两部制,1-10(20)千伏,0.629965,0.827959,0.431971,无,无,无,7:00-8:00、9:00-11:30、15:30-20:00,5:30-7:00、8:00-9:00、11:30-12:00、14:00-15:30、20:00-23:30,12:00-14:00、23:30-5:30,无,电量上网电价执行峰谷分时、高峰上浮50%、低谷下浮50%、暂停执行尖峰电价
黑龙江,2025年1月,工商业两部制,1-10(20)千伏,0.627682,0.822462,0.432903,无,无,无,7:00-8:00、9:00-11:30、15:30-20:00,5:30-7:00、8:00-9:00、11:30-12:00、14:00-15:30、20:00-23:30,12:00-14:00、23:30-5:30,无,电量上网电价执行峰谷分时、高峰上浮50%、低谷下浮50%、暂停执行尖峰电价
黑龙江,2025年2月,工商业两部制,1-10(20)千伏,0.627523,0.821803,0.433244,无,无,无,7:00-8:00、9:00-11:30、15:30-20:00,5:30-7:00、8:00-9:00、11:30-12:00、14:00-15:30、20:00-23:30,12:00-14:00、23:30-5:30,无,电量上网电价执行峰谷分时、高峰上浮50%、低谷下浮50%、暂停执行尖峰电价
黑龙江,2025年3月,工商业两部制,1-10(20)千伏,0.627523,0.819482,0.435565,无,无,无,7:00-8:00、9:00-11:30、15:30-20:00,5:30-7:00、8:00-9:00、11:30-12:00、14:00-15:30、20:00-23:30,12:00-14:00、23:30-5:30,无,电量上网电价执行峰谷分时、高峰上浮50%、低谷下浮50%、暂停执行尖峰电价
黑龙江,2025年4月,工商业两部制,1-10(20)千伏,0.627948,0.823978,0.431918,无,无,无,7:00-8:00、9:00-11:30、15:30-20:00,5:30-7:00、8:00-9:00、11:30-12:00、14:00-15:30、20:00-23:30,12:00-14:00、23:30-5:30,无,电量上网电价执行峰谷分时、高峰上浮50%、低谷下浮50%、暂停执行尖峰电价
黑龙江,2025年9月,工商业两部制,1-10(20)千伏,0.619965,0.814917,0.425013,无,无,无,07:00-08:00、09:00-11:30、15:30-20:00,05:30-07:00、08:00-09:00、11:30-12:00、14:00-15:30、20:00-23:30,12:00-14:00、23:30-05:30,无,电量上网电价执行峰谷分时、高峰上浮50%、低谷下浮50%、暂停执行尖峰电价
黑龙江,2025年10月,工商业两部制,1-10(20)千伏,0.619965,0.817702,0.422229,无,无,无,07:00-08:00、09:00-11:30、15:30-20:00,05:30-07:00、08:00-09:00、11:30-12:00、14:00-15:30、20:00-23:30,12:00-14:00、23:30-05:30,无,电量上网电价执行峰谷分时、高峰上浮50%、低谷下浮50%、暂停执行尖峰电价
黑龙江,2025年11月,工商业两部制,1-10(20)千伏,0.619965,0.820124,0.419807,无,无,无,07:00-08:00、09:00-11:30、15:30-20:00,05:30-07:00、08:00-09:00、11:30-12:00、14:00-15:30、20:00-23:30,12:00-14:00、23:30-05:30,无,电量上网电价执行峰谷分时、高峰上浮50%、低谷下浮50%、暂停执行尖峰电价
黑龙江,2025年12月,工商业两部制,1-10(20)千伏,0.619965,0.823158,0.416773,无,无,无,07:00-08:00、09:00-11:30、15:30-20:00,05:30-07:00、08:00-09:00、11:30-12:00、14:00-15:30、20:00-23:30,12:00-14:00、23:30-05:30,无,电量上网电价执行峰谷分时、高峰上浮50%、低谷下浮50%、暂停执行尖峰电价

上海,2025年1月,大工业两部制,10千伏,0.7279,1.2442,0.3406,1.5346,0.2116,19:00-21:00,08:00-11:00、18:00-19:00,06:00-08:00、11:00-18:00、21:00-22:00,22:00-06:00,00:00-06:00、22:00-24:00,冬季高峰上浮80%低谷下浮60%尖峰上浮25%、元旦春节等法定节假日深谷时段执行深谷电价下浮80%
上海,2025年2月,大工业两部制,10千伏,0.7174,1.1077,0.3921,无,0.1969,无,08:00-11:00、18:00-21:00,06:00-08:00、11:00-18:00、21:00-22:00,22:00-06:00,00:00-06:00、22:00-24:00,其他月份高峰上浮60%低谷下浮50%、法定节假日及2至6月休息日深谷时段执行深谷电价下浮80%
上海,2025年3月,大工业两部制,10千伏,0.7218,1.1097,0.3985,无,0.2045,无,08:00-11:00、18:00-21:00,06:00-08:00、11:00-18:00、21:00-22:00,22:00-06:00,00:00-06:00、22:00-24:00,其他月份高峰上浮60%低谷下浮50%、法定节假日及2至6月休息日深谷时段执行深谷电价下浮80%
上海,2025年4月,大工业两部制,10千伏,0.7229,1.1096,0.4006,无,0.2072,无,08:00-11:00、18:00-21:00,06:00-08:00、11:00-18:00、21:00-22:00,22:00-06:00,00:00-06:00、22:00-24:00,其他月份高峰上浮60%低谷下浮50%、法定节假日及2至6月休息日深谷时段执行深谷电价下浮80%
上海,2025年5月,大工业两部制,10千伏,0.7281,1.1195,0.4019,无,0.2062,无,08:00-11:00、18:00-21:00,06:00-08:00、11:00-18:00、21:00-22:00,22:00-06:00,00:00-06:00、22:00-24:00,其他月份高峰上浮60%低谷下浮50%、法定节假日及2至6月休息日深谷时段执行深谷电价下浮80%
上海,2025年6月,大工业两部制,10千伏,0.7355,1.1331,0.4041,无,0.2053,无,08:00-11:00、18:00-21:00,06:00-08:00、11:00-18:00、21:00-22:00,22:00-06:00,00:00-06:00、22:00-24:00,其他月份高峰上浮60%低谷下浮50%、法定节假日及2至6月休息日深谷时段执行深谷电价下浮80%
上海,2025年7月,大工业用电,10千伏,0.7578,1.3018,0.3498,1.6078,无,12:00-14:00,08:00-12:00、14:00-15:00、18:00-21:00,06:00-08:00、15:00-18:00、21:00-22:00,22:00-次日06:00,无,夏季和冬季高峰上浮80%低谷下浮60%尖峰上浮25%其他月份高峰上浮60%低谷下浮50%大工业法定节假日及部分月份休息日执行深谷
上海,2025年8月,大工业用电,10千伏,0.7591,1.3105,0.3455,1.6207,无,12:00-14:00,08:00-12:00、14:00-15:00、18:00-21:00,06:00-08:00、15:00-18:00、21:00-22:00,22:00-次日06:00,无,夏季和冬季高峰上浮80%低谷下浮60%尖峰上浮25%其他月份高峰上浮60%低谷下浮50%大工业法定节假日及部分月份休息日执行深谷
上海,2025年9月,大工业用电,10千伏,0.7165,1.2444,0.3205,无,0.1886,无,08:00-15:00、18:00-21:00,06:00-08:00、15:00-18:00、21:00-22:00,22:00-次日06:00,00:00-06:00、22:00-24:00,夏季和冬季高峰上浮80%低谷下浮60%尖峰上浮25%其他月份高峰上浮60%低谷下浮50%大工业法定节假日及部分月份休息日执行深谷
上海,2025年10月,大工业用电,10千伏,0.7167,1.1099,0.3890,无,0.1924,无,08:00-11:00、18:00-21:00,06:00-08:00、11:00-18:00、21:00-22:00,22:00-次日06:00,00:00-06:00、22:00-24:00,夏季和冬季高峰上浮80%低谷下浮60%尖峰上浮25%其他月份高峰上浮60%低谷下浮50%大工业法定节假日及部分月份休息日执行深谷
上海,2025年11月,大工业用电,10千伏,0.7166,1.1089,0.3896,无,0.1935,无,08:00-11:00、18:00-21:00,06:00-08:00、11:00-18:00、21:00-22:00,22:00-次日06:00,00:00-06:00、22:00-24:00,夏季和冬季高峰上浮80%低谷下浮60%尖峰上浮25%其他月份高峰上浮60%低谷下浮50%大工业法定节假日及部分月份休息日执行深谷
上海,2025年12月,大工业用电,10千伏,0.7173,1.2322,0.3311,1.5219,无,19:00-21:00,08:00-11:00、18:00-19:00,06:00-08:00、11:00-18:00、21:00-22:00,22:00-次日06:00,无,夏季和冬季高峰上浮80%低谷下浮60%尖峰上浮25%其他月份高峰上浮60%低谷下浮50%大工业法定节假日及部分月份休息日执行深谷

江苏,2025年1月,两部制,1-10(20)千伏,0.6848,1.1768,0.2766,1.4239,无,09:00-11:00、15:00-17:00,08:00-09:00、11:00-12:00、17:00-22:00,12:00-15:00、22:00-24:00,00:00-08:00,无,春节期间执行深谷电价规则
江苏,2025年2月,两部制,1-10(20)千伏,0.6670,1.1470,0.2791,无,无,无,08:00-12:00、17:00-22:00,12:00-17:00、22:00-24:00,00:00-08:00,无,春节期间视实际情况执行深谷
江苏,2025年3月,两部制,1-10(20)千伏,0.6485,1.1152,0.2714,无,无,无,08:00-12:00、17:00-22:00,12:00-17:00、22:00-24:00,00:00-08:00,无,无
江苏,2025年4月,两部制,1-10(20)千伏,0.6497,1.1172,0.2719,无,无,无,08:00-12:00、17:00-22:00,12:00-17:00、22:00-24:00,00:00-08:00,无,无
江苏,2025年5月,两部制,1-10(20)千伏,0.6322,1.0871,0.2646,无,无,无,08:00-11:00、17:00-22:00,11:00-17:00、22:00-24:00,00:00-08:00,无,100千伏安及以上工业用户执行峰谷分时电价
江苏,2025年6月,两部制,1-10(20)千伏,0.6499,1.0529,0.3720,无,无,无,14:00-22:00,06:00-11:00、13:00-14:00、22:00-24:00,00:00-06:00、11:00-13:00,无,全体商业用户和100千伏安以下的工业用户等自行选择执行分时电价
江苏,2025年7月,两部制,1-10(20)千伏,0.6829,1.0331,0.3983,1.1907,无,14:00-15:00、19:30-21:30,14:00-22:00,06:00-11:00、13:00-14:00、22:00-24:00,00:00-06:00、11:00-13:00,无,315千伏安及以上工业用电执行尖峰电价
江苏,2025年8月,两部制,1-10(20)千伏,0.6763,1.0182,0.3985,1.1721,无,14:00-15:00、19:30-21:30,14:00-22:00,06:00-11:00、13:00-14:00、22:00-24:00,00:00-06:00、11:00-13:00,无,315千伏安及以上工业用电执行尖峰电价
江苏,2025年9月,两部制,1-10(20)千伏,0.6613,1.0005,0.3857,无,无,无,15:00-22:00,06:00-10:00、14:00-15:00、22:00-次日02:00,02:00-06:00、10:00-14:00,无,全体商业用户和100千伏安以下的工业用户等自行选择执行分时电价
江苏,2025年10月,两部制,1-10(20)千伏,0.6473,0.9942,0.3655,无,无,无,15:00-22:00,06:00-10:00、14:00-15:00、22:00-次日02:00,02:00-06:00、10:00-14:00,无,全体商业用户和100千伏安以下的工业用户等自行选择执行分时电价
江苏,2025年11月,两部制,1-10(20)千伏,0.6580,1.0094,0.3725,无,无,无,15:00-22:00,06:00-10:00、14:00-15:00、22:00-次日02:00,02:00-06:00、10:00-14:00,无,全体商业用户和100千伏安以下的工业用户等自行选择执行分时电价
江苏,2025年12月,两部制,1-10(20)千伏,0.6756,1.0376,0.3815,1.2005,无,18:00-20:00,14:00-22:00,06:00-11:00、13:00-14:00、22:00-24:00,00:00-06:00、11:00-13:00,无,315千伏安及以上工业用电执行尖峰电价

浙江 ,2025年1月 ,大工业用电 ,1-10千伏 ,0.6101 ,1.0067 ,0.2319 ,1.2081 ,0.1220 ,9:00-11:00、15:00-17:00 ,8:00-9:00、17:00-23:00 ,13:00-15:00、23:00-24:00 ,0:00-8:00、11:00-13:00 ,春节、劳动节、国庆节的10:00-14:00 ,仅在春节、劳动节、国庆节执行深谷电价 
浙江 ,2025年2月 ,大工业用电 ,1-10千伏 ,0.6308 ,1.0409 ,0.2839 ,无 ,0.1262 ,无 ,8:00-11:00、13:00-17:00 ,17:00-24:00 ,0:00-8:00、11:00-13:00 ,春节、劳动节、国庆节的10:00-14:00 ,仅在春节、劳动节、国庆节执行深谷电价 
浙江 ,2025年3月 ,大工业用电 ,1-10千伏 ,0.6277 ,1.0358 ,0.2825 ,无 ,无 ,无 ,8:00-11:00、13:00-17:00 ,17:00-24:00 ,0:00-8:00、11:00-13:00 ,春节、劳动节、国庆节的10:00-14:00 ,仅在春节、劳动节、国庆节执行深谷电价 
浙江 ,2025年4月 ,大工业用电 ,1-10千伏 ,0.6364 ,1.0501 ,0.2864 ,无 ,无 ,无 ,8:00-11:00、13:00-17:00 ,17:00-24:00 ,0:00-8:00、11:00-13:00 ,春节、劳动节、国庆节的10:00-14:00 ,仅在春节、劳动节、国庆节执行深谷电价 
浙江 ,2025年5月 ,大工业用电 ,1-10千伏 ,0.6319 ,1.0427 ,0.2844 ,无 ,0.1264 ,无 ,8:00-11:00、13:00-17:00 ,17:00-24:00 ,0:00-8:00、11:00-13:00 ,春节、劳动节、国庆节的10:00-14:00 ,仅在春节、劳动节、国庆节执行深谷电价 
浙江 ,2025年6月 ,大工业用电 ,1-10千伏 ,0.6141 ,1.0133 ,0.2764 ,无 ,无 ,无 ,8:00-11:00、13:00-17:00 ,17:00-24:00 ,0:00-8:00、11:00-13:00 ,春节、劳动节、国庆节的10:00-14:00 ,仅在春节、劳动节、国庆节执行深谷电价 
浙江,2025年7月,工商业两部制,1-10千伏,0.6405,1.0772,0.2974,1.2584,无,13:00-15:00、19:00-21:00,08:00-11:00、15:00-19:00、21:00-22:00,07:00-08:00、11:00-13:00、22:00-23:00,23:00-次日07:00,无,无
浙江,2025年8月,工商业两部制,1-10千伏,0.6455,1.0822,0.3024,1.2634,无,13:00-15:00、19:00-21:00,08:00-11:00、15:00-19:00、21:00-22:00,07:00-08:00、11:00-13:00、22:00-23:00,23:00-次日07:00,无,无
浙江,2025年9月,工商业两部制,1-10千伏,0.6285,1.0152,0.3084,无,无,无,08:00-11:00、13:00-19:00、20:00-22:00,07:00-08:00、11:00-13:00、19:00-20:00、22:00-23:00,23:00-次日07:00,无,无
浙江,2025年10月,工商业两部制,1-10千伏,0.6225,1.0092,0.3024,无,0.2450,无,08:00-11:00、13:00-19:00、20:00-22:00,07:00-08:00、11:00-13:00、19:00-20:00、22:00-23:00,23:00-次日07:00,11:00-13:00,国庆节假日期间11:00-13:00执行深谷电价
浙江,2025年11月,工商业两部制,1-10千伏,0.6195,1.0062,0.2994,无,无,无,08:00-11:00、13:00-19:00、20:00-22:00,07:00-08:00、11:00-13:00、19:00-20:00、22:00-23:00,23:00-次日07:00,无,无
浙江,2025年12月,工商业两部制,1-10千伏,0.6355,1.0722,0.2924,1.2534,无,09:00-11:00、15:00-17:00,08:00-09:00、11:00-15:00、17:00-22:00,07:00-08:00、22:00-23:00,23:00-次日07:00,无,无

安徽,2025年1月,工商业两部制,1-10千伏,0.6698,1.1441,0.3228,1.3506,无,19:00-21:00,15:00-23:00,08:00-15:00,23:00-次日08:00,无,尖峰电价仅限315千伏安及以上工业用电、时段为12月15日至次年1月31日每日19:00-21:00
安徽,2025年2月,工商业两部制,1-10千伏,0.6542,1.0619,0.3138,无,0.2731,无,08:00-11:00、16:00-21:00,11:00-16:00、21:00-23:00,23:00-次日08:00,11:00-15:00,深谷电价仅限315千伏安及以上工业用电且在每年3天及以上法定节假日执行
安徽,2025年3月,工商业两部制,1-10千伏,0.6485,1.0520,0.3116,无,无,无,08:00-11:00、16:00-21:00,11:00-16:00、21:00-23:00,23:00-次日08:00,无,无
安徽,2025年4月,工商业两部制,1-10千伏,0.6515,1.0572,0.3128,无,0.2721,无,08:00-11:00、16:00-21:00,11:00-16:00、21:00-23:00,23:00-次日08:00,11:00-15:00,深谷电价仅限315千伏安及以上工业用电且在每年3天及以上法定节假日执行
安徽,2025年5月,工商业两部制,1-10千伏,0.6595,1.0711,0.3158,无,无,无,08:00-11:00、16:00-21:00,11:00-16:00、21:00-23:00,23:00-次日08:00,无,无 
安徽,2025年6月,工商业两部制,1-10千伏,0.6618,1.0729,0.3186,无,无,无,08:00-11:00、16:00-21:00,11:00-16:00、21:00-23:00,23:00-次日08:00,无,无 
安徽,2025年7月,工商业两部制,1-10千伏,0.6660,1.1371,0.3207,1.3430,无,20:00-22:00,16:00-24:00,00:00-02:00、09:00-11:00、13:00-16:00,02:00-09:00、11:00-13:00,11:00-15:00,尖峰及深谷电价仅限315千伏安及以上工业用电、尖峰时段为7月15日至8月31日每日20:00-22:00
安徽,2025年8月,工商业两部制,1-10千伏,0.6829,1.1480,0.3419,1.3513,无,20:00-22:00,16:00-24:00,00:00-02:00、09:00-11:00、13:00-16:00,02:00-09:00、11:00-13:00,11:00-15:00,尖峰及深谷电价仅限315千伏安及以上工业用电、尖峰时段为7月15日至8月31日每日20:00-22:00 
安徽,2025年9月,工商业两部制,1-10千伏,0.6707,1.1388,0.3276,无,无,无,16:00-24:00,00:00-02:00、09:00-11:00、13:00-16:00,02:00-09:00、11:00-13:00,11:00-15:00,深谷电价仅限315千伏安及以上工业用电且在每年3天及以上法定节假日执行
安徽,2025年10月,工商业两部制,1-10千伏,0.6442,1.0379,0.3153,无,0.2747,无,06:00-08:00、16:00-22:00,08:00-11:00、14:00-16:00、22:00-23:00,11:00-14:00、23:00-次日06:00,11:00-15:00,深谷电价仅限315千伏安及以上工业用电且在每年3天及以上法定节假日执行
安徽,2025年11月,工商业两部制,1-10千伏,0.6130,1.0062,0.2846,无,无,无,06:00-08:00、16:00-22:00,08:00-11:00、14:00-16:00、22:00-23:00,11:00-14:00、23:00-次日06:00,无,无 
安徽,2025年12月,工商业两部制,1-10千伏,0.6140,1.0724,0.2779,1.2728,无,19:00-21:00,15:00-23:00,06:00-12:00、14:00-15:00,12:00-14:00、23:00-次日06:00,无,尖峰电价仅限315千伏安及以上工业用电、时段为12月15日至次年1月31日每日19:00-21:00

福建,2025年1月,工商业两部制,1-10(20)千伏,0.62666875,0.86928275,0.36313975,无,无,无,10:00-12:00、15:00-20:00、21:00-22:00,08:00-10:00、12:00-15:00、20:00-21:00、22:00-次日00:00,00:00-08:00,无,无 
福建,2025年2月,工商业两部制,1-10(20)千伏,0.62976875,0.86466875,0.37461875,无,无,无,10:00-12:00、15:00-20:00、21:00-22:00,08:00-10:00、12:00-15:00、20:00-21:00、22:00-次日00:00,00:00-08:00,无,无 
福建,2025年3月,工商业两部制,1-10(20)千伏,0.60216875,0.83260275,0.35186975,无,无,无,10:00-12:00、15:00-20:00、21:00-22:00,08:00-10:00、12:00-15:00、20:00-21:00、22:00-次日00:00,00:00-08:00,无,无
福建,2025年4月,工商业两部制,1-10(20)千伏,0.62116875,0.85838875,0.36349875,无,无,无,10:00-12:00、15:00-20:00、21:00-22:00,08:00-10:00、12:00-15:00、20:00-21:00、22:00-次日00:00,00:00-08:00,无,无
福建,2025年5月,工商业两部制,1-10(20)千伏,0.62476875,0.87376275,0.35430975,无,无,无,10:00-12:00、15:00-20:00、21:00-22:00,08:00-10:00、12:00-15:00、20:00-21:00、22:00-次日00:00,00:00-08:00,无,无
福建,2025年6月,工商业两部制,1-10(20)千伏,0.64376875,0.89775075,0.36789175,无,无,无,10:00-12:00、15:00-20:00、21:00-22:00,08:00-10:00、12:00-15:00、20:00-21:00、22:00-次日00:00,00:00-08:00,无,无
福建,2025年7月,工商业两部制,1-10(20)千伏,0.60686875,0.84171075,0.35178175,0.93078875,无,11:00-12:00、17:00-18:00,10:00-11:00、15:00-17:00、18:00-20:00、21:00-22:00,08:00-10:00、12:00-15:00、20:00-21:00、22:00-次日00:00,00:00-08:00,无,7至9月11:00-12:00及17:00-18:00为尖峰时段
福建,2025年8月,工商业两部制,1-10(20)千伏,0.58416875,0.80103075,0.34861175,0.88328875,无,11:00-12:00、17:00-18:00,10:00-11:00、15:00-17:00、18:00-20:00、21:00-22:00,08:00-10:00、12:00-15:00、20:00-21:00、22:00-次日00:00,00:00-08:00,无,7至9月11:00-12:00及17:00-18:00为尖峰时段
福建,2025年9月,工商业两部制,1-10(20)千伏,0.62416875,0.86150475,0.36637275,0.95152875,无,11:00-12:00、17:00-18:00,10:00-11:00、15:00-17:00、18:00-20:00、21:00-22:00,08:00-10:00、12:00-15:00、20:00-21:00、22:00-次日00:00,00:00-08:00,无,7至9月11:00-12:00及17:00-18:00为尖峰时段
福建,2025年10月,工商业两部制,1-10(20)千伏,0.61498775,0.85187657,0.35767748,无,无,无,10:00-12:00、15:00-20:00、21:00-22:00,08:00-10:00、12:00-15:00、20:00-21:00、22:00-次日00:00,00:00-08:00,无,无
福建,2025年11月,工商业两部制,1-10(20)千伏,0.61021975,0.84724139,0.35276521,无,无,无,10:00-12:00、15:00-20:00、21:00-22:00,08:00-10:00、12:00-15:00、20:00-21:00、22:00-次日00:00,00:00-08:00,无,无
福建,2025年12月,工商业两部制,1-10(20)千伏,0.60720175,0.84789131,0.34576309,无,无,无,10:00-12:00、15:00-20:00、21:00-22:00,08:00-10:00、12:00-15:00、20:00-21:00、22:00-次日00:00,00:00-08:00,无,无

江西,2025年1月,工商业用电两部制,1-10千伏,0.7178725,1.0265925,0.4091525,1.0265925,0.3474085,18:00-20:00,08:30-11:30、20:00-21:00,06:00-08:30、11:30-12:00、14:00-18:00、21:00-24:00,00:00-06:00,12:00-14:00,暂缓实施尖峰电价暂执行高峰电价标准、春节五一国庆12:00-14:00深谷下浮60%
江西,2025年2月,工商业用电两部制,1-10千伏,0.7033825,1.0142425,0.3925225,无,0.3303505,无,16:00-22:00,06:00-12:00、14:00-16:00、22:00-24:00,00:00-06:00,12:00-14:00,暂缓实施尖峰电价暂执行高峰电价标准、春节五一国庆12:00-14:00深谷下浮60%
江西,2025年3月,工商业用电两部制,1-10千伏,0.6691225,0.9701775,0.3680675,无,无,无,16:00-22:00,06:00-16:00、22:00-24:00,00:00-06:00,无,暂缓实施尖峰电价暂执行高峰电价标准、春节五一国庆12:00-14:00深谷下浮60%
江西,2025年4月,工商业用电两部制,1-10千伏,0.6671725,0.9702775,0.3640675,无,无,无,16:00-22:00,06:00-16:00、22:00-24:00,00:00-06:00,无,暂缓实施尖峰电价暂执行高峰电价标准、春节五一国庆12:00-14:00深谷下浮60%
江西,2025年5月,工商业用电两部制,1-10千伏,0.6587625,0.9553725,0.3621525,无,0.3028305,无,16:00-22:00,06:00-12:00、14:00-16:00、22:00-24:00,00:00-06:00,12:00-14:00,暂缓实施尖峰电价暂执行高峰电价标准、春节五一国庆12:00-14:00深谷下浮60%
江西,2025年6月,工商业用电两部制,1-10千伏,0.6650225,0.9645475,0.3654975,无,无,无,16:00-22:00,06:00-16:00、22:00-24:00,00:00-06:00,无,暂缓实施尖峰电价暂执行高峰电价标准、春节五一国庆12:00-14:00深谷下浮60%
江西,2025年7月,工商业用电两部制,1-10千伏,0.6626925,0.9322965,0.3930885,1.0221645,0.3481545,20:30-22:30,17:00-20:30、22:30-23:00,00:00-01:00、05:00-11:30、14:30-17:00、23:00-24:00,01:00-05:00、11:30-12:00、14:00-14:30,12:00-14:00,全年高峰平段低谷浮动比例统一调整为1.6:1:0.4、深谷下浮70%、尖峰上浮80%
江西,2025年8月,工商业用电两部制,1-10千伏,0.6708225,0.9447465,0.3968985,1.0360545,0.3512445,20:30-22:30,17:00-20:30、22:30-23:00,00:00-01:00、05:00-11:30、14:30-17:00、23:00-24:00,01:00-05:00、11:30-12:00、14:00-14:30,12:00-14:00,全年高峰平段低谷浮动比例统一调整为1.6:1:0.4、深谷下浮70%、尖峰上浮80%
江西,2025年9月,工商业用电两部制,1-10千伏,0.6941725,0.9663925,0.4219525,无,0.3765825,无,17:00-23:00,00:00-01:00、05:00-11:30、14:30-17:00、23:00-24:00,01:00-05:00、11:30-12:00、14:00-14:30,12:00-14:00,全年高峰平段低谷浮动比例统一调整为1.6:1:0.4、深谷下浮70%、尖峰上浮80%
江西,2025年10月,工商业用电两部制,1-10千伏,0.6785725,0.9506689,0.4064761,无,0.3611267,无,16:00-22:00,00:00-01:00、05:00-11:30、14:30-16:00、22:00-24:00,01:00-05:00、11:30-12:00、14:00-14:30,12:00-14:00,全年高峰平段低谷浮动比例统一调整为1.6:1:0.4、深谷下浮70%、尖峰上浮80%
江西 ,2025年11月 ,工商业用电两部制 ,1-10千伏 ,0.7016575 ,0.9750619 ,0.4282531 ,无 ,0.3826857 ,无 ,16:00-22:00 ,5:00-11:30、14:30-16:00、22:00-次日1:00 ,1:00-5:00、11:30-12:00、14:00-14:30 ,12:00-14:00 ,全年深谷浮动比例较平段下浮70% 
江西 ,2025年12月 ,工商业用电两部制 ,1-10千伏 ,0.6764435 ,0.9411533 ,0.4117337 ,1.0293899 ,无 ,18:00-20:00 ,9:00-12:00、20:00-21:00 ,6:00-9:00、12:00-18:00、21:00-24:00 ,0:00-6:00 ,春节、五一、国庆的12:00-14:00 ,尖峰浮动比例较平段上浮80% 

山东,2025年1月,工商业及其它用电两部制,1-10千伏,0.588625,0.822525,0.354725,0.988825,0.120825,10:00-11:00、18:00-20:00,08:00-10:00、20:00-22:00,07:00-08:00、11:00-18:00、22:00-23:00,23:00-07:00,无,春节期间农历腊月二十九至正月初六平时段中10:00-14:00调整为深谷时段
山东,2025年2月,工商业及其它用电两部制,1-10千伏,0.587875,0.821475,0.354275,无,0.120675,无,08:00-11:00、18:00-22:00,07:00-08:00、14:00-18:00、22:00-23:00,23:00-07:00,11:00-14:00,春节期间农历腊月二十九至正月初六平时段中10:00-14:00调整为深谷时段
山东,2025年3月,工商业及其它用电两部制,1-10千伏,0.585725,0.818425,0.353025,无,0.120225,无,08:00-11:00、18:00-22:00,07:00-08:00、14:00-18:00、22:00-23:00,23:00-07:00,11:00-14:00,春节期间农历腊月二十九至正月初六平时段中10:00-14:00调整为深谷时段
山东,2025年4月,工商业及其它用电两部制,1-10千伏,0.587375,0.820775,0.353925,无,0.120575,无,08:00-11:00、18:00-22:00,07:00-08:00、14:00-18:00、22:00-23:00,23:00-07:00,11:00-14:00,春节期间农历腊月二十九至正月初六平时段中10:00-14:00调整为深谷时段
山东,2025年5月,工商业及其它用电两部制,1-10千伏,0.589875,0.824275,0.355425,无,0.121075,无,08:00-11:00、18:00-22:00,07:00-08:00、14:00-18:00、22:00-23:00,23:00-07:00,11:00-14:00,春节期间农历腊月二十九至正月初六平时段中10:00-14:00调整为深谷时段
山东,2025年6月,工商业及其它用电两部制,1-10千伏,0.590125,0.824625,0.355625,0.991325,无,20:00-22:00,08:00-11:00、18:00-20:00,07:00-08:00、11:00-18:00、22:00-23:00,23:00-07:00,无,春节期间农历腊月二十九至正月初六平时段中10:00-14:00调整为深谷时段
山东,2025年7月,工商业及其它用电两部制,1-10千伏,0.588825,0.822825,0.354825,0.989125,无,20:00-22:00,08:00-11:00、18:00-20:00,07:00-08:00、11:00-18:00、22:00-23:00,23:00-07:00,无,春节期间农历腊月二十九至正月初六平时段中10:00-14:00调整为深谷时段
山东,2025年8月,工商业及其它用电两部制,1-10千伏,0.589325,0.823525,0.355125,0.989925,无,20:00-22:00,08:00-11:00、18:00-20:00,07:00-08:00、11:00-18:00、22:00-23:00,23:00-07:00,无,春节期间农历腊月二十九至正月初六平时段中10:00-14:00调整为深谷时段
山东,2025年9月,工商业及其它用电两部制,1-10千伏,0.589225,0.823325,0.355025,无,0.120925,无,08:00-11:00、18:00-22:00,07:00-08:00、14:00-18:00、22:00-23:00,23:00-07:00,11:00-14:00,春节期间农历腊月二十九至正月初六平时段中10:00-14:00调整为深谷时段
山东,2025年10月,工商业及其它用电两部制,1-10千伏,0.590125,0.824625,0.355625,无,0.121125,无,08:00-11:00、18:00-22:00,07:00-08:00、14:00-18:00、22:00-23:00,23:00-07:00,11:00-14:00,春节期间农历腊月二十九至正月初六平时段中10:00-14:00调整为深谷时段
山东,2025年11月,工商业及其它用电两部制,1-10千伏,0.589825,0.824325,0.355325,无,0.121325,无,08:00-11:00、18:00-22:00,07:00-08:00、14:00-18:00、22:00-23:00,23:00-07:00,11:00-14:00,春节期间农历腊月二十九至正月初六平时段中10:00-14:00调整为深谷时段
山东,2025年12月,工商业及其它用电两部制,1-10千伏,0.592125,0.826625,0.357625,0.993325,无,10:00-11:00、18:00-20:00,08:00-10:00、20:00-22:00,07:00-08:00、11:00-18:00、22:00-23:00,23:00-07:00,无,春节期间农历腊月二十九至正月初六平时段中10:00-14:00调整为深谷时段

河南,2025年1月,工商业用电两部制,1-10千伏,0.625070375,0.994551335,0.342827975,1.171081127,无,08:00-10:00,10:00-11:00、16:00-18:00,11:00-16:00、18:00-22:00,22:00-08:00,无,无
河南,2025年2月,工商业用电两部制,1-10千伏,0.634453375,1.003935775,0.352209875,无,无,无,08:00-11:00、16:00-18:00,11:00-16:00、18:00-22:00,22:00-08:00,无,无
河南,2025年3月,工商业用电两部制,1-10千伏,0.654758375,1.027426055,0.370081675,无,无,无,16:00-24:00,08:00-16:00,00:00-08:00,无,无
河南,2025年4月,工商业用电两部制,1-10千伏,0.630175375,1.000043695,0.347637075,无,无,无,16:00-24:00,08:00-16:00,00:00-08:00,无,无
河南,2025年5月,工商业用电两部制,1-10千伏,0.632638375,1.002164695,0.350361325,无,无,无,16:00-24:00,08:00-16:00,00:00-08:00,无,无
河南,2025年6月,工商业用电两部制,1-10千伏,0.628985375,0.998413055,0.346783675,无,无,无,16:00-24:00,08:00-16:00,00:00-08:00,无,无
河南,2025年7月,工商业用电两部制,1-10千伏,0.627250375,0.996801895,0.344954075,1.173365399,无,20:00-22:00,16:00-20:00、22:00-24:00,08:00-16:00,00:00-08:00,无,无
河南,2025年8月,工商业用电两部制,1-10千伏,0.628368375,0.999466455,0.344890675,1.176768871,无,20:00-22:00,16:00-20:00、22:00-24:00,08:00-16:00,00:00-08:00,无,无
河南,2025年9月,工商业用电,1-10千伏,0.669207375,1.081840815,0.354001275,无,无,无,16:00-24:00,06:00-11:00、14:00-16:00,00:00-06:00、11:00-14:00,无,按豫发改价管〔2024〕283号文件执行
河南,2025年10月,工商业用电,1-10千伏,0.675057375,1.087905375,0.359687375,无,无,无,16:00-24:00,06:00-11:00、14:00-16:00,00:00-06:00、11:00-14:00,无,按豫发改价管〔2024〕283号文件执行
河南,2025年11月,工商业用电,1-10千伏,0.641804375,1.034492375,0.341834375,无,无,无,16:00-24:00,06:00-11:00、14:00-16:00,00:00-06:00、11:00-14:00,无,按豫发改价管〔2024〕283号文件执行
河南,2025年12月,工商业用电,1-10千伏,0.694307375,1.102348655,0.382609175,1.297301711,无,17:00-19:00,16:00-17:00、19:00-24:00,07:00-16:00,00:00-07:00,无,按豫发改价管〔2024〕283号文件执行

湖北,2025年12月,工商业用电两部制,1-10(20)千伏,0.639525,0.840238,0.414235,1.049144,无,18:00-20:00,16:00-18:00、20:00-24:00,6:00-12:00、14:00-16:00,0:00-6:00、12:00-14:00,无,无
湖北,2025年11月,工商业用电两部制,1-10(20)千伏,0.650191,0.869957,0.416970,1.008993,无,18:00-20:00,16:00-18:00、20:00-24:00,6:00-12:00、14:00-16:00,0:00-6:00、12:00-14:00,无,无
湖北,2025年10月,工商业用电两部制,1-10(20)千伏,0.634683,0.840302,0.416475,0.970387,无,18:00-20:00,16:00-18:00、20:00-24:00,6:00-12:00、14:00-16:00,0:00-6:00、12:00-14:00,无,无
湖北,2025年9月,工商业用电两部制,1-10(20)千伏,0.6414,0.8554,0.4143,0.9908,无,18:00-20:00,16:00-18:00、20:00-24:00,6:00-12:00、14:00-16:00,0:00-6:00、12:00-14:00,无,无
湖北,2025年8月,工商业用电两部制,1-10(20)千伏,0.6511,0.8661,0.4098,1.0899,无,20:00-22:00,16:00-20:00、22:00-24:00,6:00-12:00、14:00-16:00,0:00-6:00、12:00-14:00,无,无
湖北,2025年7月,工商业用电两部制,1-10(20)千伏,0.6350,0.8433,0.4013,1.0600,无,20:00-22:00,16:00-20:00、22:00-24:00,6:00-12:00、14:00-16:00,0:00-6:00、12:00-14:00,无,无
湖北,2025年6月,工商业用电两部制,1-10(20)千伏,0.6191,0.8295,0.3958,0.9626,无,18:00-20:00,16:00-18:00、20:00-24:00,6:00-12:00、14:00-16:00,0:00-6:00、12:00-14:00,无,无
湖北,2025年5月,工商业用电两部制,1-10(20)千伏,0.6284,0.8429,0.4007,0.9786,无,18:00-20:00,16:00-18:00、20:00-24:00,6:00-12:00、14:00-16:00,0:00-6:00、12:00-14:00,无,无
湖北,2025年4月,工商业用电两部制,1-10(20)千伏,0.6409,0.8577,0.4108,0.9949,无,18:00-20:00,16:00-18:00、20:00-24:00,6:00-12:00、14:00-16:00,0:00-6:00、12:00-14:00,无,无
湖北,2025年3月,工商业用电两部制,1-10(20)千伏,0.6644,0.8886,0.4265,1.0304,无,18:00-20:00,16:00-18:00、20:00-24:00,6:00-12:00、14:00-16:00,0:00-6:00、12:00-14:00,无,无
湖北,2025年2月,工商业用电两部制,1-10(20)千伏,0.6513,0.8473,0.4433,0.9713,无,18:00-20:00,16:00-18:00、20:00-24:00,6:00-12:00、14:00-16:00,0:00-6:00、12:00-14:00,无,无
湖北,2025年1月,工商业用电两部制,1-10(20)千伏,0.6741,0.8904,0.4313,1.1155,无,18:00-20:00,16:00-18:00、20:00-24:00,6:00-12:00、14:00-16:00,0:00-6:00、12:00-14:00,无,无

湖南,2025年1月,工商业两部制,1-10(20)千伏,0.6727,1.0406,0.3801,1.2505,无,18:00-22:00,10:00-14:00,07:00-10:00、14:00-18:00、22:00-23:00,23:00-次日07:00,无,无
湖南,2025年2月,工商业两部制,1-10(20)千伏,0.6533,1.0125,0.3695,无,无,无,10:00-14:00、18:00-22:00,07:00-10:00、14:00-18:00、22:00-23:00,23:00-次日07:00,无,无
湖南,2025年3月,工商业两部制,1-10(20)千伏,0.6575,1.0188,0.3722,无,无,无,10:00-14:00、18:00-22:00,07:00-10:00、14:00-18:00、22:00-23:00,23:00-次日07:00,无,无
湖南,2025年4月,工商业两部制,1-10(20)千伏,0.6483,1.0050,0.3662,无,无,无,10:00-14:00、18:00-22:00,07:00-10:00、14:00-18:00、22:00-23:00,23:00-次日07:00,无,无
湖南,2025年7月,工商业用电两部制,1-10千伏,0.65595,0.93922,0.39512,1.05608,无,20:00-22:00,10:00-12:00、14:00-20:00,08:00-10:00、12:00-14:00、22:00-23:00,00:00-08:00、23:00-24:00,无,1月7月8月9月12月执行尖峰电价重大节假日(春节劳动节国庆节)11:00-14:00执行深谷电价
湖南,2025年8月,工商业用电两部制,1-10千伏,0.65595,0.93922,0.39512,1.05608,无,20:00-22:00,10:00-12:00、14:00-20:00,08:00-10:00、12:00-14:00、22:00-23:00,00:00-08:00、23:00-24:00,无,1月7月8月9月12月执行尖峰电价重大节假日(春节劳动节国庆节)11:00-14:00执行深谷电价
湖南,2025年9月,工商业用电两部制,1-10千伏,0.65595,0.93922,0.39512,1.05608,无,20:00-22:00,10:00-12:00、14:00-20:00,08:00-10:00、12:00-14:00、22:00-23:00,00:00-08:00、23:00-24:00,无,1月7月8月9月12月执行尖峰电价重大节假日(春节劳动节国庆节)11:00-14:00执行深谷电价
湖南,2025年10月,工商业用电两部制,1-10千伏,0.65595,0.93922,0.39512,无,无,无,10:00-12:00、14:00-21:00,08:00-10:00、12:00-14:00、21:00-23:00,00:00-08:00、23:00-24:00,11:00-14:00,1月7月8月9月12月执行尖峰电价重大节假日(春节劳动节国庆节)11:00-14:00执行深谷电价
湖南,2025年11月,工商业用电两部制,1-10千伏,0.65595,0.93922,0.39512,无,无,无,10:00-12:00、14:00-21:00,08:00-10:00、12:00-14:00、21:00-23:00,00:00-08:00、23:00-24:00,无,1月7月8月9月12月执行尖峰电价重大节假日(春节劳动节国庆节)11:00-14:00执行深谷电价
湖南,2025年12月,工商业用电两部制,1-10千伏,0.65595,0.93922,0.39512,1.05608,无,18:00-20:00,10:00-12:00、14:00-18:00、20:00-21:00,08:00-10:00、12:00-14:00、21:00-23:00,00:00-08:00、23:00-24:00,无,1月7月8月9月12月执行尖峰电价重大节假日(春节劳动节国庆节)11:00-14:00执行深谷电价
湖南,2025年5月,工商业用电两部制,1-10千伏,0.65595,0.93922,0.39512,无,无,无,10:00-12:00、14:00-21:00,08:00-10:00、12:00-14:00、21:00-23:00,00:00-08:00、23:00-24:00,11:00-14:00,1月7月8月9月12月执行尖峰电价重大节假日(春节劳动节国庆节)11:00-14:00执行深谷电价
湖南,2025年6月,工商业用电两部制,1-10千伏,0.65595,0.93922,0.39512,无,无,无,10:00-12:00、14:00-21:00,08:00-10:00、12:00-14:00、21:00-23:00,00:00-08:00、23:00-24:00,无,1月7月8月9月12月执行尖峰电价重大节假日(春节劳动节国庆节)11:00-14:00执行深谷电价

广东(珠三角五市),2025年3月,工商业用电(两部制),1-10(20)千伏,0.69406875,1.16056875,0.28096875,1.44386875,无,11:00-12:00、15:00-17:00,10:00-11:00、14:00-15:00、17:00-19:00,08:00-10:00、12:00-14:00、19:00-24:00,00:00-08:00,无,7-9月及日最高气温达到35℃及以上的高温天执行尖峰电价
广东(惠州市),2025年3月,工商业用电(两部制),1-10(20)千伏,0.66766875,1.11566875,0.27086875,1.38766875,无,11:00-12:00、15:00-17:00,10:00-11:00、14:00-15:00、17:00-19:00,08:00-10:00、12:00-14:00、19:00-24:00,00:00-08:00,无,7-9月及日最高气温达到35℃及以上的高温天执行尖峰电价
广东(江门市),2025年3月,工商业用电(两部制),1-10(20)千伏,0.69026875,1.15406875,0.27946875,1.43566875,无,11:00-12:00、15:00-17:00,10:00-11:00、14:00-15:00、17:00-19:00,08:00-10:00、12:00-14:00、19:00-24:00,00:00-08:00,无,7-9月及日最高气温达到35℃及以上的高温天执行尖峰电价
广东(东西两翼地区),2025年3月,工商业用电(两部制),1-10(20)千伏,0.60856875,1.01526875,0.24846875,1.26216875,无,11:00-12:00、15:00-17:00,10:00-11:00、14:00-15:00、17:00-19:00,08:00-10:00、12:00-14:00、19:00-24:00,00:00-08:00,无,7-9月及日最高气温达到35℃及以上的高温天执行尖峰电价
广东(粤北山区),2025年3月,工商业用电(两部制),1-10(20)千伏,0.55966875,0.93206875,0.22986875,1.15816875,无,11:00-12:00、15:00-17:00,10:00-11:00、14:00-15:00、17:00-19:00,08:00-10:00、12:00-14:00、19:00-24:00,00:00-08:00,无,7-9月及日最高气温达到35℃及以上的高温天执行尖峰电价
广东(珠三角五市),2025年4月,工商业用电(两部制),1-10(20)千伏,0.69506875,1.16226875,0.28126875,1.44596875,无,11:00-12:00、15:00-17:00,10:00-11:00、14:00-15:00、17:00-19:00,08:00-10:00、12:00-14:00、19:00-24:00,00:00-08:00,无,7-9月及日最高气温达到35℃及以上的高温天执行尖峰电价
广东(惠州市),2025年4月,工商业用电(两部制),1-10(20)千伏,0.66866875,1.11736875,0.27116875,1.38976875,无,11:00-12:00、15:00-17:00,10:00-11:00、14:00-15:00、17:00-19:00,08:00-10:00、12:00-14:00、19:00-24:00,00:00-08:00,无,7-9月及日最高气温达到35℃及以上的高温天执行尖峰电价
广东(江门市),2025年4月,工商业用电(两部制),1-10(20)千伏,0.69126875,1.15576875,0.27976875,1.43776875,无,11:00-12:00、15:00-17:00,10:00-11:00、14:00-15:00、17:00-19:00,08:00-10:00、12:00-14:00、19:00-24:00,00:00-08:00,无,7-9月及日最高气温达到35℃及以上的高温天执行尖峰电价
广东(东西两翼地区),2025年4月,工商业用电(两部制),1-10(20)千伏,0.60956875,1.01696875,0.24876875,1.26426875,无,11:00-12:00、15:00-17:00,10:00-11:00、14:00-15:00、17:00-19:00,08:00-10:00、12:00-14:00、19:00-24:00,00:00-08:00,无,7-9月及日最高气温达到35℃及以上的高温天执行尖峰电价
广东(粤北山区),2025年4月,工商业用电(两部制),1-10(20)千伏,0.56066875,0.93376875,0.23016875,1.16026875,无,11:00-12:00、15:00-17:00,10:00-11:00、14:00-15:00、17:00-19:00,08:00-10:00、12:00-14:00、19:00-24:00,00:00-08:00,无,7-9月及日最高气温达到35℃及以上的高温天执行尖峰电价
广东(珠三角五市),2025年5月,工商业用电(两部制),1-10(20)千伏,0.71276875,1.19226875,0.28806875,1.48346875,无,11:00-12:00、15:00-17:00,10:00-11:00、14:00-15:00、17:00-19:00,08:00-10:00、12:00-14:00、19:00-24:00,00:00-08:00,无,7-9月及日最高气温达到35℃及以上的高温天执行尖峰电价
广东(惠州市),2025年5月,工商业用电(两部制),1-10(20)千伏,0.68636875,1.14736875,0.27796875,1.42726875,无,11:00-12:00、15:00-17:00,10:00-11:00、14:00-15:00、17:00-19:00,08:00-10:00、12:00-14:00、19:00-24:00,00:00-08:00,无,7-9月及日最高气温达到35℃及以上的高温天执行尖峰电价
广东(江门市),2025年5月,工商业用电(两部制),1-10(20)千伏,0.70896875,1.18576875,0.28656875,1.47526875,无,11:00-12:00、15:00-17:00,10:00-11:00、14:00-15:00、17:00-19:00,08:00-10:00、12:00-14:00、19:00-24:00,00:00-08:00,无,7-9月及日最高气温达到35℃及以上的高温天执行尖峰电价
广东(东西两翼地区),2025年5月,工商业用电(两部制),1-10(20)千伏,0.62726875,1.04696875,0.25556875,1.30176875,无,11:00-12:00、15:00-17:00,10:00-11:00、14:00-15:00、17:00-19:00,08:00-10:00、12:00-14:00、19:00-24:00,00:00-08:00,无,7-9月及日最高气温达到35℃及以上的高温天执行尖峰电价
广东(粤北山区),2025年5月,工商业用电(两部制),1-10(20)千伏,0.57836875,0.96376875,0.23696875,1.19776875,无,11:00-12:00、15:00-17:00,10:00-11:00、14:00-15:00、17:00-19:00,08:00-10:00、12:00-14:00、19:00-24:00,00:00-08:00,无,7-9月及日最高气温达到35℃及以上的高温天执行尖峰电价
广东(珠三角五市),2025年6月,工商业用电(两部制),1-10(20)千伏,0.68796875,1.15016875,0.27866875,1.43076875,无,11:00-12:00、15:00-17:00,10:00-11:00、14:00-15:00、17:00-19:00,08:00-10:00、12:00-14:00、19:00-24:00,00:00-08:00,无,7-9月及日最高气温达到35℃及以上的高温天执行尖峰电价
广东(惠州市),2025年6月,工商业用电(两部制),1-10(20)千伏,0.66156875,1.10526875,0.26856875,1.37456875,无,11:00-12:00、15:00-17:00,10:00-11:00、14:00-15:00、17:00-19:00,08:00-10:00、12:00-14:00、19:00-24:00,00:00-08:00,无,7-9月及日最高气温达到35℃及以上的高温天执行尖峰电价
广东(江门市),2025年6月,工商业用电(两部制),1-10(20)千伏,0.68416875,1.14366875,0.27716875,1.42256875,无,11:00-12:00、15:00-17:00,10:00-11:00、14:00-15:00、17:00-19:00,08:00-10:00、12:00-14:00、19:00-24:00,00:00-08:00,无,7-9月及日最高气温达到35℃及以上的高温天执行尖峰电价
广东(东西两翼地区),2025年6月,工商业用电(两部制),1-10(20)千伏,0.60246875,1.00486875,0.24616875,1.24906875,无,11:00-12:00、15:00-17:00,10:00-11:00、14:00-15:00、17:00-19:00,08:00-10:00、12:00-14:00、19:00-24:00,00:00-08:00,无,7-9月及日最高气温达到35℃及以上的高温天执行尖峰电价
广东(粤北山区),2025年6月,工商业用电(两部制),1-10(20)千伏,0.55356875,0.92166875,0.22756875,1.14506875,无,11:00-12:00、15:00-17:00,10:00-11:00、14:00-15:00、17:00-19:00,08:00-10:00、12:00-14:00、19:00-24:00,00:00-08:00,无,7-9月及日最高气温达到35℃及以上的高温天执行尖峰电价
广东(珠三角五市),2025年7月,工商业用电(两部制),1-10(20)千伏,0.66816875,1.11656875,0.27106875,1.38886875,无,11:00-12:00、15:00-17:00,10:00-11:00、14:00-15:00、17:00-19:00,08:00-10:00、12:00-14:00、19:00-24:00,00:00-08:00,无,7-9月及日最高气温达到35℃及以上的高温天执行尖峰电价
广东(惠州市),2025年7月,工商业用电(两部制),1-10(20)千伏,0.64176875,1.07166875,0.26096875,1.33266875,无,11:00-12:00、15:00-17:00,10:00-11:00、14:00-15:00、17:00-19:00,08:00-10:00、12:00-14:00、19:00-24:00,00:00-08:00,无,7-9月及日最高气温达到35℃及以上的高温天执行尖峰电价
广东(江门市),2025年7月,工商业用电(两部制),1-10(20)千伏,0.66436875,1.11006875,0.26956875,1.38066875,无,11:00-12:00、15:00-17:00,10:00-11:00、14:00-15:00、17:00-19:00,08:00-10:00、12:00-14:00、19:00-24:00,00:00-08:00,无,7-9月及日最高气温达到35℃及以上的高温天执行尖峰电价
广东(东西两翼地区),2025年7月,工商业用电(两部制),1-10(20)千伏,0.58266875,0.97126875,0.23856875,1.20716875,无,11:00-12:00、15:00-17:00,10:00-11:00、14:00-15:00、17:00-19:00,08:00-10:00、12:00-14:00、19:00-24:00,00:00-08:00,无,7-9月及日最高气温达到35℃及以上的高温天执行尖峰电价
广东(粤北山区),2025年7月,工商业用电(两部制),1-10(20)千伏,0.53376875,0.88806875,0.21996875,1.10316875,无,11:00-12:00、15:00-17:00,10:00-11:00、14:00-15:00、17:00-19:00,08:00-10:00、12:00-14:00、19:00-24:00,00:00-08:00,无,7-9月及日最高气温达到35℃及以上的高温天执行尖峰电价
广东(珠三角五市),2025年8月,工商业用电(两部制),1-10(20)千伏,0.69196875,1.15696875,0.28006875,1.43936875,无,11:00-12:00、15:00-17:00,10:00-11:00、14:00-15:00、17:00-19:00,08:00-10:00、12:00-14:00、19:00-24:00,00:00-08:00,无,7-9月及日最高气温达到35℃及以上的高温天执行尖峰电价
广东(惠州市),2025年8月,工商业用电(两部制),1-10(20)千伏,0.66556875,1.11206875,0.26996875,1.38316875,无,11:00-12:00、15:00-17:00,10:00-11:00、14:00-15:00、17:00-19:00,08:00-10:00、12:00-14:00、19:00-24:00,00:00-08:00,无,7-9月及日最高气温达到35℃及以上的高温天执行尖峰电价
广东(江门市),2025年8月,工商业用电(两部制),1-10(20)千伏,0.68816875,1.15046875,0.27856875,1.43116875,无,11:00-12:00、15:00-17:00,10:00-11:00、14:00-15:00、17:00-19:00,08:00-10:00、12:00-14:00、19:00-24:00,00:00-08:00,无,7-9月及日最高气温达到35℃及以上的高温天执行尖峰电价
广东(东西两翼地区),2025年8月,工商业用电(两部制),1-10(20)千伏,0.60646875,1.01166875,0.24756875,1.25766875,无,11:00-12:00、15:00-17:00,10:00-11:00、14:00-15:00、17:00-19:00,08:00-10:00、12:00-14:00、19:00-24:00,00:00-08:00,无,7-9月及日最高气温达到35℃及以上的高温天执行尖峰电价
广东(粤北山区),2025年8月,工商业用电(两部制),1-10(20)千伏,0.55756875,0.92846875,0.22896875,1.15366875,无,11:00-12:00、15:00-17:00,10:00-11:00、14:00-15:00、17:00-19:00,08:00-10:00、12:00-14:00、19:00-24:00,00:00-08:00,无,7-9月及日最高气温达到35℃及以上的高温天执行尖峰电价
广东(珠三角五市),2025年1月,工商业用电(两部制),1-10(20)千伏,0.70736875,1.18316875,0.28596875,1.47206875,无,11:00-12:00、15:00-17:00,10:00-11:00、14:00-15:00、17:00-19:00,08:00-10:00、12:00-14:00、19:00-24:00,00:00-08:00,无,7-9月及日最高气温达到35℃及以上的高温天执行尖峰电价
广东(惠州市),2025年1月,工商业用电(两部制),1-10(20)千伏,0.68096875,1.13826875,0.27596875,1.41596875,无,11:00-12:00、15:00-17:00,10:00-11:00、14:00-15:00、17:00-19:00,08:00-10:00、12:00-14:00、19:00-24:00,00:00-08:00,无,7-9月及日最高气温达到35℃及以上的高温天执行尖峰电价
广东(江门市),2025年1月,工商业用电(两部制),1-10(20)千伏,0.70356875,1.17666875,0.28446875,1.46396875,无,11:00-12:00、15:00-17:00,10:00-11:00、14:00-15:00、17:00-19:00,08:00-10:00、12:00-14:00、19:00-24:00,00:00-08:00,无,7-9月及日最高气温达到35℃及以上的高温天执行尖峰电价
广东(东西两翼地区),2025年1月,工商业用电(两部制),1-10(20)千伏,0.62186875,1.03776875,0.25346875,1.29036875,无,11:00-12:00、15:00-17:00,10:00-11:00、14:00-15:00、17:00-19:00,08:00-10:00、12:00-14:00、19:00-24:00,00:00-08:00,无,7-9月及日最高气温达到35℃及以上的高温天执行尖峰电价
广东(粤北山区),2025年1月,工商业用电(两部制),1-10(20)千伏,0.57296875,0.95466875,0.23486875,1.18646875,无,11:00-12:00、15:00-17:00,10:00-11:00、14:00-15:00、17:00-19:00,08:00-10:00、12:00-14:00、19:00-24:00,00:00-08:00,无,7-9月及日最高气温达到35℃及以上的高温天执行尖峰电价
广东(珠三角五市),2025年2月,工商业用电(两部制),1-10(20)千伏,0.71866875,1.20236875,0.29026875,1.49606875,无,11:00-12:00、15:00-17:00,10:00-11:00、14:00-15:00、17:00-19:00,08:00-10:00、12:00-14:00、19:00-24:00,00:00-08:00,无,7-9月及日最高气温达到35℃及以上的高温天执行尖峰电价
广东(惠州市),2025年2月,工商业用电(两部制),1-10(20)千伏,0.69226875,1.15746875,0.28016875,1.43996875,无,11:00-12:00、15:00-17:00,10:00-11:00、14:00-15:00、17:00-19:00,08:00-10:00、12:00-14:00、19:00-24:00,00:00-08:00,无,7-9月及日最高气温达到35℃及以上的高温天执行尖峰电价
广东(江门市),2025年2月,工商业用电(两部制),1-10(20)千伏,0.71486875,1.19586875,0.28876875,1.48796875,无,11:00-12:00、15:00-17:00,10:00-11:00、14:00-15:00、17:00-19:00,08:00-10:00、12:00-14:00、19:00-24:00,00:00-08:00,无,7-9月及日最高气温达到35℃及以上的高温天执行尖峰电价
广东(东西两翼地区),2025年2月,工商业用电(两部制),1-10(20)千伏,0.63316875,1.05706875,0.25776875,1.31436875,无,11:00-12:00、15:00-17:00,10:00-11:00、14:00-15:00、17:00-19:00,08:00-10:00、12:00-14:00、19:00-24:00,00:00-08:00,无,7-9月及日最高气温达到35℃及以上的高温天执行尖峰电价
广东(粤北山区),2025年2月,工商业用电(两部制),1-10(20)千伏,0.58426875,0.97386875,0.23916875,1.21046875,无,11:00-12:00、15:00-17:00,10:00-11:00、14:00-15:00、17:00-19:00,08:00-10:00、12:00-14:00、19:00-24:00,00:00-08:00,无,7-9月及日最高气温达到35℃及以上的高温天执行尖峰电价
广东(珠三角五市),2025年9月,工商业用电(两部制),1-10(20)千伏,0.69196875,1.15696875,0.28006875,1.43936875,无,11:00-12:00、15:00-17:00,10:00-11:00、14:00-15:00、17:00-19:00,08:00-10:00、12:00-14:00、19:00-24:00,00:00-08:00,无,7-9月及日最高气温达到35℃及以上的高温天执行尖峰电价
广东(惠州市),2025年9月,工商业用电(两部制),1-10(20)千伏,0.66556875,1.11206875,0.26996875,1.38316875,无,11:00-12:00、15:00-17:00,10:00-11:00、14:00-15:00、17:00-19:00,08:00-10:00、12:00-14:00、19:00-24:00,00:00-08:00,无,7-9月及日最高气温达到35℃及以上的高温天执行尖峰电价
广东(江门市),2025年9月,工商业用电(两部制),1-10(20)千伏,0.68816875,1.15046875,0.27856875,1.43116875,无,11:00-12:00、15:00-17:00,10:00-11:00、14:00-15:00、17:00-19:00,08:00-10:00、12:00-14:00、19:00-24:00,00:00-08:00,无,7-9月及日最高气温达到35℃及以上的高温天执行尖峰电价
广东(东西两翼地区),2025年9月,工商业用电(两部制),1-10(20)千伏,0.60646875,1.01166875,0.24756875,1.25766875,无,11:00-12:00、15:00-17:00,10:00-11:00、14:00-15:00、17:00-19:00,08:00-10:00、12:00-14:00、19:00-24:00,00:00-08:00,无,7-9月及日最高气温达到35℃及以上的高温天执行尖峰电价
广东(粤北山区),2025年9月,工商业用电(两部制),1-10(20)千伏,0.55756875,0.92846875,0.22896875,1.15366875,无,11:00-12:00、15:00-17:00,10:00-11:00、14:00-15:00、17:00-19:00,08:00-10:00、12:00-14:00、19:00-24:00,00:00-08:00,无,7-9月及日最高气温达到35℃及以上的高温天执行尖峰电价
广东(珠三角五市),2025年10月,工商业用电(两部制),1-10(20)千伏,0.69196875,1.15696875,0.28006875,1.43936875,无,11:00-12:00、15:00-17:00,10:00-11:00、14:00-15:00、17:00-19:00,08:00-10:00、12:00-14:00、19:00-24:00,00:00-08:00,无,7-9月及日最高气温达到35℃及以上的高温天执行尖峰电价
广东(惠州市),2025年10月,工商业用电(两部制),1-10(20)千伏,0.66556875,1.11206875,0.26996875,1.38316875,无,11:00-12:00、15:00-17:00,10:00-11:00、14:00-15:00、17:00-19:00,08:00-10:00、12:00-14:00、19:00-24:00,00:00-08:00,无,7-9月及日最高气温达到35℃及以上的高温天执行尖峰电价
广东(江门市),2025年10月,工商业用电(两部制),1-10(20)千伏,0.68816875,1.15046875,0.27856875,1.43116875,无,11:00-12:00、15:00-17:00,10:00-11:00、14:00-15:00、17:00-19:00,08:00-10:00、12:00-14:00、19:00-24:00,00:00-08:00,无,7-9月及日最高气温达到35℃及以上的高温天执行尖峰电价
广东(东西两翼地区),2025年10月,工商业用电(两部制),1-10(20)千伏,0.60646875,1.01166875,0.24756875,1.25766875,无,11:00-12:00、15:00-17:00,10:00-11:00、14:00-15:00、17:00-19:00,08:00-10:00、12:00-14:00、19:00-24:00,00:00-08:00,无,7-9月及日最高气温达到35℃及以上的高温天执行尖峰电价
广东(粤北山区),2025年10月,工商业用电(两部制),1-10(20)千伏,0.55756875,0.92846875,0.22896875,1.15366875,无,11:00-12:00、15:00-17:00,10:00-11:00、14:00-15:00、17:00-19:00,08:00-10:00、12:00-14:00、19:00-24:00,00:00-08:00,无,7-9月及日最高气温达到35℃及以上的高温天执行尖峰电价
广东(珠三角五市),2025年11月,工商业用电(两部制),1-10(20)千伏,0.69196875,1.15696875,0.28006875,1.43936875,无,11:00-12:00、15:00-17:00,10:00-11:00、14:00-15:00、17:00-19:00,08:00-10:00、12:00-14:00、19:00-24:00,00:00-08:00,无,7-9月及日最高气温达到35℃及以上的高温天执行尖峰电价
广东(惠州市),2025年11月,工商业用电(两部制),1-10(20)千伏,0.66556875,1.11206875,0.26996875,1.38316875,无,11:00-12:00、15:00-17:00,10:00-11:00、14:00-15:00、17:00-19:00,08:00-10:00、12:00-14:00、19:00-24:00,00:00-08:00,无,7-9月及日最高气温达到35℃及以上的高温天执行尖峰电价
广东(江门市),2025年11月,工商业用电(两部制),1-10(20)千伏,0.68816875,1.15046875,0.27856875,1.43116875,无,11:00-12:00、15:00-17:00,10:00-11:00、14:00-15:00、17:00-19:00,08:00-10:00、12:00-14:00、19:00-24:00,00:00-08:00,无,7-9月及日最高气温达到35℃及以上的高温天执行尖峰电价
广东(东西两翼地区),2025年11月,工商业用电(两部制),1-10(20)千伏,0.60646875,1.01166875,0.24756875,1.25766875,无,11:00-12:00、15:00-17:00,10:00-11:00、14:00-15:00、17:00-19:00,08:00-10:00、12:00-14:00、19:00-24:00,00:00-08:00,无,7-9月及日最高气温达到35℃及以上的高温天执行尖峰电价
广东(粤北山区),2025年11月,工商业用电(两部制),1-10(20)千伏,0.55756875,0.92846875,0.22896875,1.15366875,无,11:00-12:00、15:00-17:00,10:00-11:00、14:00-15:00、17:00-19:00,08:00-10:00、12:00-14:00、19:00-24:00,00:00-08:00,无,7-9月及日最高气温达到35℃及以上的高温天执行尖峰电价
广东(珠三角五市),2025年12月,工商业用电(两部制),1-10(20)千伏,0.69196875,1.15696875,0.28006875,1.43936875,无,11:00-12:00、15:00-17:00,10:00-11:00、14:00-15:00、17:00-19:00,08:00-10:00、12:00-14:00、19:00-24:00,00:00-08:00,无,7-9月及日最高气温达到35℃及以上的高温天执行尖峰电价
广东(惠州市),2025年12月,工商业用电(两部制),1-10(20)千伏,0.66556875,1.11206875,0.26996875,1.38316875,无,11:00-12:00、15:00-17:00,10:00-11:00、14:00-15:00、17:00-19:00,08:00-10:00、12:00-14:00、19:00-24:00,00:00-08:00,无,7-9月及日最高气温达到35℃及以上的高温天执行尖峰电价
广东(江门市),2025年12月,工商业用电(两部制),1-10(20)千伏,0.68816875,1.15046875,0.27856875,1.43116875,无,11:00-12:00、15:00-17:00,10:00-11:00、14:00-15:00、17:00-19:00,08:00-10:00、12:00-14:00、19:00-24:00,00:00-08:00,无,7-9月及日最高气温达到35℃及以上的高温天执行尖峰电价
广东(东西两翼地区),2025年12月,工商业用电(两部制),1-10(20)千伏,0.60646875,1.01166875,0.24756875,1.25766875,无,11:00-12:00、15:00-17:00,10:00-11:00、14:00-15:00、17:00-19:00,08:00-10:00、12:00-14:00、19:00-24:00,00:00-08:00,无,7-9月及日最高气温达到35℃及以上的高温天执行尖峰电价
广东(粤北山区),2025年12月,工商业用电(两部制),1-10(20)千伏,0.55756875,0.92846875,0.22896875,1.15366875,无,11:00-12:00、15:00-17:00,10:00-11:00、14:00-15:00、17:00-19:00,08:00-10:00、12:00-14:00、19:00-24:00,00:00-08:00,无,7-9月及日最高气温达到35℃及以上的高温天执行尖峰电价

广西,2025年1月,工商业用电两部制,1-10千伏,0.687857,0.902692,0.473022,无,无,无,16:00-24:00,00:00-01:00、07:00-12:00、14:00-16:00,01:00-07:00、12:00-14:00,无,暂停执行尖峰电价
广西,2025年2月,工商业用电两部制,1-10千伏,0.570436,0.757643,0.383230,无,无,无,16:00-24:00,00:00-01:00、07:00-12:00、14:00-16:00,01:00-07:00、12:00-14:00,无,不再执行居民农业新增损益等规定、暂停执行尖峰电价
广西,2025年3月,工商业用电两部制,1-10千伏,0.577215,0.757975,0.396456,无,无,无,16:00-24:00,00:00-01:00、07:00-12:00、14:00-16:00,01:00-07:00、12:00-14:00,无,暂停执行尖峰电价
广西,2025年4月,工商业用电两部制,1-10千伏,0.581781,0.762611,0.400952,无,无,无,16:00-24:00,00:00-01:00、07:00-12:00、14:00-16:00,01:00-07:00、12:00-14:00,无,暂停执行尖峰电价
广西,2025年5月,工商业用电两部制,1-10千伏,0.580709,0.759726,0.401693,无,无,无,16:00-24:00,00:00-01:00、07:00-12:00、14:00-16:00,01:00-07:00、12:00-14:00,无,暂停执行尖峰电价
广西,2025年6月,工商业用电两部制,1-10千伏,0.620151,0.804623,0.435680,无,无,无,16:00-24:00,00:00-01:00、07:00-12:00、14:00-16:00,01:00-07:00、12:00-14:00,无,暂停执行尖峰电价
广西,2025年7月,工商业用电两部制,1-10千伏,0.647213,0.835403,0.459023,无,无,无,16:00-24:00,00:00-01:00、07:00-12:00、14:00-16:00,01:00-07:00、12:00-14:00,无,暂停执行尖峰电价
广西,2025年8月,工商业用电两部制,1-10千伏,0.622901,0.810010,0.435793,无,无,无,16:00-24:00,00:00-01:00、07:00-12:00、14:00-16:00,01:00-07:00、12:00-14:00,无,暂停执行尖峰电价
广西,2025年9月,工商业用电两部制,1-10千伏,0.608178,0.793090,0.423267,无,无,无,16:00-24:00,00:00-01:00、07:00-12:00、14:00-16:00,01:00-07:00、12:00-14:00,无,暂停执行尖峰电价
广西,2025年10月,工商业用电两部制,1-10千伏,0.610783,0.796834,0.424733,无,无,无,16:00-24:00,00:00-01:00、07:00-12:00、14:00-16:00,01:00-07:00、12:00-14:00,无,暂停执行尖峰电价
广西,2025年11月,工商业用电两部制,1-10千伏,0.637792,0.828465,0.447119,无,无,无,16:00-24:00,00:00-01:00、07:00-12:00、14:00-16:00,01:00-07:00、12:00-14:00,无,暂停执行尖峰电价
广西,2025年12月,工商业用电两部制,1-10千伏,0.637564,0.828726,0.446402,无,无,无,16:00-24:00,00:00-01:00、07:00-12:00、14:00-16:00,01:00-07:00、12:00-14:00,无,暂停执行尖峰电价、辅助服务费用向发用两侧疏导

海南,2025年1月,工商业及其他用电(单一制),1-10千伏,0.839329,1.358330,0.394471,无,无,无,16:00-24:00,08:00-16:00,00:00-08:00,无,无
海南,2025年2月,工商业及其他用电(单一制),1-10千伏,0.835803,1.343887,0.400303,无,无,无,16:00-24:00,08:00-16:00,00:00-08:00,无,无
海南,2025年3月,工商业及其他用电(单一制),1-10千伏,0.838622,1.336879,0.411545,无,无,无,16:00-24:00,08:00-16:00,00:00-08:00,无,无
海南,2025年4月,工商业及其他用电(单一制),1-10千伏,0.846549,1.352174,0.413156,无,无,无,16:00-24:00,00:00-02:00、10:00-16:00,02:00-10:00,无,无
海南,2025年5月,工商业及其他用电(单一制),1-10千伏,0.845983,1.352691,0.411662,1.598806,无,20:00-22:00,16:00-20:00、22:00-24:00,00:00-02:00、10:00-16:00,02:00-10:00,无,无
海南,2025年6月,工商业及其他用电(单一制),1-10千伏,0.846141,1.355031,0.411631,1.602205,无,20:00-22:00,16:00-20:00、22:00-24:00,00:00-02:00、10:00-16:00,02:00-10:00,无,无
海南,2025年7月,工商业及其他用电(单一制),1-10千伏,0.846216,1.366848,0.399960,1.619726,无,20:00-22:00,16:00-20:00、22:00-24:00,00:00-02:00、10:00-16:00,02:00-10:00,无,无
海南,2025年8月,工商业及其他用电(单一制),1-10千伏,0.846110,1.359839,0.405771,无,无,无,16:00-24:00,00:00-02:00、10:00-16:00,02:00-10:00,无,无
海南,2025年9月,工商业及其他用电(单一制),1-10千伏,0.846221,1.407828,0.364843,无,无,无,16:00-24:00,00:00-02:00、10:00-16:00,02:00-10:00,无,无
海南,2025年10月,工商业及其他用电(单一制),1-10千伏,0.838031,1.387437,0.367111,无,无,无,16:00-24:00,08:00-16:00,00:00-08:00,无,无
海南,2025年11月,工商业及其他用电(单一制),1-10千伏,0.846118,1.408721,0.363887,无,无,无,16:00-24:00,08:00-16:00,00:00-08:00,无,无
海南,2025年12月,工商业及其他用电(单一制),1-10千伏,0.851118,1.441035,0.348633,无,无,无,16:00-24:00,08:00-16:00,00:00-08:00,无,无

重庆,2025年1月,工商业用电,1-10千伏,0.752403,1.125017,0.367369,1.323744,无,12:00-14:00,11:00-12:00、14:00-17:00、20:00-22:00,08:00-11:00、17:00-20:00、22:00-24:00,00:00-08:00,无,夏季7月及8月以及冬季12月及1月执行尖峰电价
重庆,2025年2月,工商业用电,1-10千伏,0.762307,1.133067,0.379188,无,无,无,11:00-17:00、20:00-22:00,08:00-11:00、17:00-20:00、22:00-24:00,00:00-08:00,无,无
重庆,2025年3月,工商业用电,1-10千伏,0.754587,1.121416,0.375530,无,无,无,11:00-17:00、20:00-22:00,08:00-11:00、17:00-20:00、22:00-24:00,00:00-08:00,无,无
重庆,2025年4月,工商业用电,1-10千伏,0.690131,1.040914,0.327655,无,无,无,11:00-17:00、20:00-22:00,08:00-11:00、17:00-20:00、22:00-24:00,00:00-08:00,无,无
重庆,2025年5月,工商业用电,1-10千伏,0.699099,1.059932,0.326238,无,无,无,11:00-17:00、20:00-22:00,08:00-11:00、17:00-20:00、22:00-24:00,00:00-08:00,无,无
重庆,2025年6月,工商业用电,1-10千伏,0.714224,1.079254,0.337026,无,无,无,11:00-17:00、20:00-22:00,08:00-11:00、17:00-20:00、22:00-24:00,00:00-08:00,无,无
重庆,2025年7月,工商业用电,1-10千伏,0.765318,1.149781,0.368040,1.354827,无,12:00-14:00,11:00-12:00、14:00-17:00、20:00-22:00,08:00-11:00、17:00-20:00、22:00-24:00,00:00-08:00,无,夏季7月及8月以及冬季12月及1月执行尖峰电价
重庆,2025年8月,工商业用电,1-10千伏,0.780661,1.171248,0.377055,1.379561,无,12:00-14:00,11:00-12:00、14:00-17:00、20:00-22:00,08:00-11:00、17:00-20:00、22:00-24:00,00:00-08:00,无,夏季7月及8月以及冬季12月及1月执行尖峰电价
重庆,2025年9月,工商业用电,1-10千伏,0.693286,1.053599,0.320962,无,无,无,11:00-17:00、20:00-22:00,08:00-11:00、17:00-20:00、22:00-24:00,00:00-08:00,无,无
重庆,2025年10月,工商业用电,1-10千伏,0.644999,0.978688,0.300187,无,无,无,11:00-17:00、20:00-22:00,08:00-11:00、17:00-20:00、22:00-24:00,00:00-08:00,无,无
重庆,2025年11月,工商业用电,1-10千伏,0.658072,1.012208,0.292132,无,无,无,11:00-17:00、20:00-22:00,08:00-11:00、17:00-20:00、22:00-24:00,00:00-08:00,无,无
重庆,2025年12月,工商业用电,1-10千伏,0.652899,1.000025,0.294202,1.185159,无,12:00-14:00,11:00-12:00、14:00-17:00、20:00-22:00,08:00-11:00、17:00-20:00、22:00-24:00,00:00-08:00,无,夏季7月及8月以及冬季12月及1月执行尖峰电价

四川,2025年1月,工商业用电,1-10千伏,0.68727,1.03815,0.33639,无,无,无,10:00-12:00、15:00-21:00,7:00-10:00、12:00-15:00、21:00-23:00,23:00-次日7:00,无,2025年1月我省大工业用户暂停执行尖峰电价政策
四川,2025年2月,工商业用电,1-10千伏,0.697448,1.050225,0.344671,无,无,无,10:00-12:00、15:00-21:00,7:00-10:00、12:00-15:00、21:00-23:00,23:00-次日7:00,无,高峰时段电价在平段电价上上浮60%、低谷时段电价在平段电价上下浮60%
四川,2025年3月,工商业用电,1-10千伏,0.712329,1.078672,0.345986,无,无,无,10:00-12:00、15:00-21:00,7:00-10:00、12:00-15:00、21:00-23:00,23:00-次日7:00,无,高峰时段电价在平段电价上上浮60%、低谷时段电价在平段电价上下浮60%
四川,2025年4月,工商业用电,1-10千伏,0.708160,1.069007,0.347313,无,无,无,10:00-12:00、15:00-21:00,7:00-10:00、12:00-15:00、21:00-23:00,23:00-次日7:00,无,高峰时段电价在平段电价上上浮60%、低谷时段电价在平段电价上下浮60%
四川,2025年5月,工商业用电,1-10千伏,0.605439,0.908363,0.304193,1.069597,无,13:00-14:00、21:00-23:00,10:00-12:00、17:00-22:00,8:00-10:00、12:00-17:00,22:00-次日8:00,无,连续三日最高气温≥35℃时对执行分时电价的大工业用户实行尖峰电价政策、尖峰时段用电价格在高峰时段电价基础上上浮20%
四川,2025年6月,工商业用电,1-10千伏,0.625075,0.980432,0.269718,1.169956,无,13:00-14:00、21:00-23:00,10:00-12:00、17:00-22:00,8:00-10:00、12:00-17:00,22:00-次日8:00,无,连续三日最高气温≥35℃时对执行分时电价的大工业用户实行尖峰电价政策、尖峰时段用电价格在高峰时段电价基础上上浮20%
四川,2025年7月,工商业用电,1-10千伏,0.403344,0.545857,0.191511,0.728921,无,13:00-14:00、21:00-23:00,11:00-18:00、20:00-23:00,7:00-11:00、18:00-20:00、23:00-次日1:00,1:00-7:00,无,7-8月全月实行尖峰电价政策、尖峰时段用电价格在高峰时段电价基础上上浮20%
四川,2025年8月,工商业用电,1-10千伏,0.473194,0.732358,0.213132,0.871965,无,13:00-14:00、21:00-23:00,11:00-18:00、20:00-23:00,7:00-11:00、18:00-20:00、23:00-次日1:00,1:00-7:00,无,7-8月全月实行尖峰电价政策、尖峰时段用电价格在高峰时段电价基础上上浮20%
四川,2025年9月,工商业用电,1-10千伏,0.454381,0.689223,0.219527,0.814488,无,13:00-14:00、21:00-23:00,11:00-18:00、20:00-23:00,7:00-11:00、18:00-20:00、23:00-次日1:00,1:00-7:00,无,连续三日最高气温≥35℃时对执行分时电价的大工业用户实行尖峰电价政策、尖峰时段用电价格在高峰时段电价基础上上浮20%
四川,2025年10月,工商业用电,1-10千伏,0.479045,0.733337,0.224753,0.868960,无,13:00-14:00、21:00-23:00,10:00-12:00、17:00-22:00,8:00-10:00、12:00-17:00,22:00-次日8:00,无,连续三日最高气温≥35℃时对执行分时电价的大工业用户实行尖峰电价政策、尖峰时段用电价格在高峰时段电价基础上上浮20%
四川,2025年11月,工商业用电,1-10千伏,0.608568,0.933236,0.283900,1.106392,无,13:00-14:00、21:00-23:00,10:00-12:00、17:00-22:00,8:00-10:00、12:00-17:00,22:00-次日8:00,无,连续三日最高气温≥35℃时对执行分时电价的大工业用户实行尖峰电价政策、尖峰时段用电价格在高峰时段电价基础上上浮20%
四川,2025年12月,工商业用电,1-10千伏,0.686389,1.044003,0.328775,1.234730,无,13:00-14:00、21:00-23:00,10:00-12:00、16:00-22:00,8:00-10:00、12:00-16:00、22:00-24:00,0:00-8:00,无,连续三日最高气温≥35℃时对执行分时电价的大工业用户实行尖峰电价政策、尖峰时段用电价格在高峰时段电价基础上上浮20%

贵州,2025年1月,工商业用电,1-10(20)千伏,0.630028,0.992850,0.267206,无,无,无,10:00-13:00、17:00-22:00,8:00-10:00、13:00-17:00、22:00-00:00,00:00-8:00,无,平段电价不浮动、高峰电价为平段电价上浮60%、低谷电价为平段电价下浮60%
贵州,2025年2月,工商业用电,1-10(20)千伏,0.628384,0.990219,0.266549,无,无,无,10:00-11:00、17:00-22:00,08:00-10:00、11:00-13:00、15:00-17:00、22:00-00:00,00:00-08:00、13:00-15:00,无,平段电价不浮动、高峰电价为平段电价上浮60%、低谷电价为平段电价下浮60%
贵州,2025年3月,工商业用电,1-10(20)千伏,0.629303,0.991690,0.266916,无,无,无,10:00-13:00、17:00-22:00,8:00-10:00、13:00-17:00、22:00-00:00,00:00-8:00,无,平段电价不浮动、高峰电价为平段电价上浮60%、低谷电价为平段电价下浮60%
贵州,2025年4月,工商业用电,1-10(20)千伏,0.628282,0.990056,0.266508,无,无,无,10:00-13:00、17:00-22:00,8:00-10:00、13:00-17:00、22:00-00:00,00:00-8:00,无,平段电价不浮动、高峰电价为平段电价上浮60%、低谷电价为平段电价下浮60%
贵州,2025年5月,工商业用电,1-10(20)千伏,0.627547,0.988880,0.266214,无,无,无,10:00-13:00、17:00-22:00,8:00-10:00、13:00-17:00、22:00-00:00,00:00-8:00,无,平段电价不浮动、高峰电价为平段电价上浮60%、低谷电价为平段电价下浮60%
贵州,2025年6月,工商业用电,1-10(20)千伏,0.634044,0.999275,0.268813,无,无,无,10:00-13:00、17:00-22:00,8:00-10:00、13:00-17:00、22:00-00:00,00:00-8:00,无,平段电价不浮动、高峰电价为平段电价上浮60%、低谷电价为平段电价下浮60%
贵州,2025年7月,两部制,1-10(20)千伏,0.660529,1.041651,0.279407,无,无,无,10:00-13:00、17:00-22:00,08:00-10:00、13:00-17:00、22:00-00:00,00:00-08:00,无,无
贵州,2025年8月,两部制,1-10(20)千伏,0.645723,1.017962,0.273484,无,无,无,10:00-13:00、17:00-22:00,08:00-10:00、13:00-17:00、22:00-00:00,00:00-08:00,无,无
贵州,2025年9月,两部制,1-10(20)千伏,0.593964,0.935147,0.252781,无,无,无,10:00-13:00、17:00-22:00,08:00-10:00、13:00-17:00、22:00-00:00,00:00-08:00,无,无
贵州,2025年10月,两部制,1-10(20)千伏,0.594328,0.935730,0.252926,无,无,无,10:00-13:00、17:00-22:00,08:00-10:00、13:00-17:00、22:00-00:00,00:00-08:00,无,无
贵州,2025年11月,两部制,1-10(20)千伏,0.595919,0.938275,0.253563,无,无,无,10:00-13:00、17:00-22:00,08:00-10:00、13:00-17:00、22:00-00:00,00:00-08:00,无,无
贵州,2025年12月,两部制,1-10(20)千伏,0.547558,0.860898,0.234218,无,无,无,10:00-13:00、17:00-22:00,08:00-10:00、13:00-17:00、22:00-00:00,00:00-08:00,无,无

云南,2025年1月,两部制工商业用电,1-10千伏,0.520542,0.675840,0.365244,无,无,无,07:00-09:00、18:00-24:00,00:00-02:00、06:00-07:00、09:00-12:00、16:00-18:00,02:00-06:00、12:00-16:00,无,尖峰暂缓执行
云南,2025年2月,两部制工商业用电,1-10千伏,0.514419,0.667259,0.361580,无,无,无,07:00-09:00、18:00-24:00,00:00-02:00、06:00-07:00、09:00-12:00、16:00-18:00,02:00-06:00、12:00-16:00,无,尖峰暂缓执行
云南,2025年3月,两部制工商业用电,1-10千伏,0.500535,0.647133,0.353937,无,无,无,07:00-09:00、18:00-24:00,00:00-02:00、06:00-07:00、09:00-12:00、16:00-18:00,02:00-06:00、12:00-16:00,无,尖峰暂缓执行
云南,2025年4月,两部制工商业用电,1-10千伏,0.511252,0.662519,0.359986,无,无,无,07:00-09:00、18:00-24:00,00:00-02:00、06:00-07:00、09:00-12:00、16:00-18:00,02:00-06:00、12:00-16:00,无,尖峰暂缓执行
云南,2025年5月,两部制工商业用电,1-10千伏,0.524455,0.681519,0.367391,无,无,无,07:00-09:00、18:00-24:00,00:00-02:00、06:00-07:00、09:00-12:00、16:00-18:00,02:00-06:00、12:00-16:00,无,尖峰暂缓执行
云南,2025年6月,两部制工商业用电,1-10千伏,0.440186,0.557900,0.322472,无,无,无,07:00-09:00、18:00-24:00,00:00-02:00、06:00-07:00、09:00-12:00、16:00-18:00,02:00-06:00、12:00-16:00,无,尖峰暂缓执行
云南,2025年7月,两部制工商业用电,1-10千伏,0.406497,0.509792,0.303203,无,无,无,07:00-09:00、18:00-24:00,00:00-02:00、06:00-07:00、09:00-12:00、16:00-18:00,02:00-06:00、12:00-16:00,无,尖峰暂缓执行
云南,2025年8月,两部制工商业用电,1-10千伏,0.425080,0.535236,0.314925,无,无,无,07:00-09:00、18:00-24:00,00:00-02:00、06:00-07:00、09:00-12:00、16:00-18:00,02:00-06:00、12:00-16:00,无,尖峰暂缓执行
云南,2025年9月,两部制工商业用电,1-10千伏,0.407703,0.509248,0.306159,无,无,无,07:00-09:00、18:00-24:00,00:00-02:00、06:00-07:00、09:00-12:00、16:00-18:00,02:00-06:00、12:00-16:00,无,尖峰暂缓执行
云南,2025年10月,两部制工商业用电,1-10千伏,0.413047,0.518058,0.308036,无,无,无,07:00-09:00、18:00-24:00,00:00-02:00、06:00-07:00、09:00-12:00、16:00-18:00,02:00-06:00、12:00-16:00,无,尖峰暂缓执行
云南,2025年11月,两部制工商业用电,1-10千伏,0.487968,0.628328,0.347608,无,无,无,07:00-09:00、18:00-24:00,00:00-02:00、06:00-07:00、09:00-12:00、16:00-18:00,02:00-06:00、12:00-16:00,无,尖峰暂缓执行
云南,2025年12月,两部制工商业用电,1-10千伏,0.493346,0.635511,0.351177,无,无,无,07:00-09:00、18:00-24:00,00:00-02:00、06:00-07:00、09:00-12:00、16:00-18:00,02:00-06:00、12:00-16:00,无,尖峰暂缓执行

西藏,2025年1月,大工业用电,10千伏,0.67,1.005,无,1.206,无,19:00-22:00,09:00-13:00、22:00-24:00,00:00-09:00、13:00-19:00,无,无,枯水期
西藏,2025年2月,大工业用电,10千伏,0.67,1.005,无,1.206,无,19:00-22:00,09:00-13:00、22:00-24:00,00:00-09:00、13:00-19:00,无,无,枯水期
西藏,2025年3月,大工业用电,10千伏,0.67,1.005,无,1.206,无,19:00-22:00,09:00-13:00、22:00-24:00,00:00-09:00、13:00-19:00,无,无,枯水期
西藏,2025年4月,大工业用电,10千伏,0.67,1.005,无,1.206,无,19:00-22:00,09:00-13:00、22:00-24:00,00:00-09:00、13:00-19:00,无,无,枯水期
西藏,2025年5月,大工业用电,10千伏,0.67,无,0.335,无,0.268,无,无,00:00-03:00、06:00-11:00、17:00-24:00,11:00-17:00,03:00-06:00,丰水期
西藏,2025年6月,大工业用电,10千伏,0.67,无,0.335,无,0.268,无,无,00:00-03:00、06:00-11:00、17:00-24:00,11:00-17:00,03:00-06:00,丰水期
西藏,2025年7月,大工业用电,10千伏,0.67,无,0.335,无,0.268,无,无,00:00-03:00、06:00-11:00、17:00-24:00,11:00-17:00,03:00-06:00,丰水期
西藏,2025年8月,大工业用电,10千伏,0.67,无,0.335,无,0.268,无,无,00:00-03:00、06:00-11:00、17:00-24:00,11:00-17:00,03:00-06:00,丰水期
西藏,2025年9月,大工业用电,10千伏,0.67,无,0.335,无,0.268,无,无,00:00-03:00、06:00-11:00、17:00-24:00,11:00-17:00,03:00-06:00,丰水期
西藏,2025年10月,大工业用电,10千伏,0.67,无,0.335,无,0.268,无,无,00:00-03:00、06:00-11:00、17:00-24:00,11:00-17:00,03:00-06:00,丰水期
西藏,2025年11月,大工业用电,10千伏,0.67,1.005,无,1.206,无,19:00-22:00,09:00-13:00、22:00-24:00,00:00-09:00、13:00-19:00,无,无,枯水期
西藏,2025年12月,大工业用电,10千伏,0.67,1.005,无,1.206,无,19:00-22:00,09:00-13:00、22:00-24:00,00:00-09:00、13:00-19:00,无,无,枯水期

陕西,2025年1月,大工业用电(两部制),1-10(20)千伏,0.579125,0.901433,0.256817,1.068215,无,18:30-20:30,08:00-11:30、18:30-23:00,07:00-08:00、11:30-18:30,23:00-07:00,无,含系统尖峰时段省间现货市场购电新增成本折价0.0004元/千瓦时
陕西,2025年2月,大工业用电(两部制),1-10(20)千伏,0.556225,0.858310,0.254140,无,无,无,08:00-11:30、18:30-23:00,07:00-08:00、11:30-18:30,23:00-07:00,无,无
陕西,2025年3月,大工业用电(两部制),1-10(20)千伏,0.546625,0.840961,0.252289,无,无,无,08:00-11:30、18:30-23:00,07:00-08:00、11:30-18:30,23:00-07:00,无,无
陕西,2025年4月,大工业用电(两部制),1-10(20)千伏,0.544325,0.837464,0.251186,无,无,无,08:00-11:30、18:30-23:00,07:00-08:00、11:30-18:30,23:00-07:00,无,无
陕西,2025年5月,大工业用电(两部制),1-10(20)千伏,0.528525,0.819144,0.237906,无,无,无,08:00-11:30、18:30-23:00,07:00-08:00、11:30-18:30,23:00-07:00,无,无
陕西,2025年6月,大工业用电(两部制),1-10(20)千伏,0.567425,0.881984,0.252866,无,无,无,08:00-11:30、18:30-23:00,07:00-08:00、11:30-18:30,23:00-07:00,无,无
陕西,2025年7月,大工业用电(两部制),1-10(20)千伏,0.588925,0.913438,0.264412,1.081361,无,19:30-21:30,08:00-11:30、18:30-23:00,07:00-08:00、11:30-18:30,23:00-07:00,无,含系统尖峰时段省间现货市场购电新增成本折价0.0012元/千瓦时
陕西,2025年8月,大工业用电(两部制),1-10(20)千伏,0.546825,0.795325,0.298325,0.866325,无,19:00-21:00,16:00-23:00,06:00-11:00、14:00-16:00、23:00-24:00,00:00-06:00、11:00-14:00,无,含系统尖峰时段省间现货市场购电新增成本折价0.0012元/千瓦时
陕西,2025年9月,大工业用电(两部制),1-10(20)千伏,0.556125,0.794405,0.317845,无,无,无,16:00-23:00,06:00-11:00、14:00-16:00、23:00-24:00,00:00-06:00、11:00-14:00,无,无
陕西,2025年10月,大工业用电(两部制),1-10(20)千伏,0.529225,0.759875,0.298575,无,无,无,16:00-23:00,06:00-11:00、14:00-16:00、23:00-24:00,00:00-06:00、11:00-14:00,无,包含需分摊结构平衡费用0.54亿元
陕西,2025年11月,大工业用电(两部制),1-10(20)千伏,0.650425,0.954855,0.345995,无,无,无,16:00-23:00,06:00-11:00、14:00-16:00、23:00-24:00,00:00-06:00、11:00-14:00,无,历史偏差电费中包含需分摊结构平衡费用0.7亿元
陕西,2025年12月,大工业用电(两部制),1-10(20)千伏,0.604125,0.897845,0.310405,0.981765,无,18:00-20:00,16:00-18:00、20:00-23:00,06:00-11:00、14:00-16:00、23:00-24:00,00:00-06:00、11:00-14:00,无,历史偏差电费中包含需分摊结构平衡费用0.58亿元

甘肃,2025年1月,工商业两部制用电,1-10(20)千伏,0.528331,0.564274,0.321153,无,无,无,06:00-08:00、18:00-23:00,00:00-06:00、08:00-10:00、16:00-18:00、23:00-24:00,10:00-16:00,无,上网电价峰谷价差由市场自愿形成
甘肃,2025年2月,工商业两部制用电,1-10(20)千伏,0.450135,0.480618,0.323514,无,无,无,06:00-08:00、18:00-23:00,00:00-06:00、08:00-10:00、16:00-18:00、23:00-24:00,10:00-16:00,无,上网电价峰谷价差由市场自愿形成
甘肃,2025年3月,工商业两部制用电,1-10(20)千伏,0.453327,0.482334,0.369529,无,无,无,06:00-08:00、18:00-23:00,00:00-06:00、08:00-10:00、16:00-18:00、23:00-24:00,10:00-16:00,无,上网电价峰谷价差由市场自愿形成
甘肃,2025年4月,工商业两部制用电,1-10(20)千伏,0.45182,0.474811,0.411681,无,无,无,06:00-08:00、18:00-23:00,00:00-06:00、08:00-10:00、16:00-18:00、23:00-24:00,10:00-16:00,无,上网电价峰谷价差由市场自愿形成
甘肃,2025年5月,工商业两部制用电,1-10(20)千伏,0.449066,0.468939,0.404439,无,无,无,06:00-08:00、18:00-23:00,00:00-06:00、08:00-10:00、16:00-18:00、23:00-24:00,10:00-16:00,无,上网电价峰谷价差由市场自愿形成
甘肃,2025年6月,工商业两部制用电,1-10(20)千伏,0.451192,0.469209,0.427368,无,无,无,06:00-08:00、18:00-23:00,00:00-06:00、08:00-10:00、16:00-18:00、23:00-24:00,10:00-16:00,无,上网电价峰谷价差由市场自愿形成
甘肃,2025年7月,工商业两部制用电,1-10(20)千伏,0.42219,0.439949,0.415367,无,无,无,06:00-08:00、18:00-23:00,00:00-06:00、08:00-10:00、16:00-18:00、23:00-24:00,10:00-16:00,无,上网电价峰谷价差由市场自愿形成
甘肃,2025年8月,工商业两部制用电,1-10(20)千伏,0.430465,0.4553,0.445439,无,无,无,06:00-08:00、18:00-23:00,00:00-06:00、08:00-10:00、16:00-18:00、23:00-24:00,10:00-16:00,无,上网电价峰谷价差由市场自愿形成
甘肃,2025年9月,工商业两部制用电,1-10(20)千伏,0.454356,0.469029,0.443576,无,无,无,06:00-08:00、18:00-23:00,00:00-06:00、08:00-10:00、16:00-18:00、23:00-24:00,10:00-16:00,无,上网电价峰谷价差由市场自愿形成
甘肃,2025年10月,工商业两部制用电,1-10(20)千伏,0.446827,0.476424,0.425726,无,无,无,06:00-08:00、18:00-23:00,00:00-06:00、08:00-10:00、16:00-18:00、23:00-24:00,10:00-16:00,无,上网电价峰谷价差由市场自愿形成
甘肃,2025年11月,工商业两部制用电,1-10(20)千伏,0.441281,0.498091,0.359565,无,无,无,06:00-08:00、18:00-23:00,00:00-06:00、08:00-10:00、16:00-18:00、23:00-24:00,10:00-16:00,无,上网电价峰谷价差由市场自愿形成
甘肃,2025年12月,工商业两部制用电,1-10(20)千伏,0.455363,0.492461,0.348841,无,无,无,06:00-08:00、18:00-23:00,00:00-06:00、08:00-10:00、16:00-18:00、23:00-24:00,10:00-16:00,无,上网电价峰谷价差由市场自愿形成

青海,2025年1月,工商业用电两部制,1-10千伏,0.434239,0.625567,0.236837,无,无,无,07:00-09:00、17:00-23:00,00:00-07:00、23:00-24:00,09:00-17:00,无,无
青海,2025年2月,工商业用电两部制,1-10千伏,0.455577,0.654290,0.250556,无,无,无,07:00-09:00、17:00-23:00,00:00-07:00、23:00-24:00,09:00-17:00,无,无
青海,2025年3月,工商业用电两部制,1-10千伏,0.413148,0.589651,0.231041,无,无,无,07:00-09:00、17:00-23:00,00:00-07:00、23:00-24:00,09:00-17:00,无,无
青海,2025年4月,工商业用电两部制,1-10千伏,0.411409,0.590693,0.226433,无,无,无,07:00-09:00、17:00-23:00,00:00-07:00、23:00-24:00,09:00-17:00,无,无
青海,2025年5月,工商业用电两部制,1-10千伏,0.404542,0.583351,0.220056,无,无,无,07:00-09:00、17:00-23:00,00:00-07:00、23:00-24:00,09:00-17:00,无,无
青海,2025年6月,工商业用电两部制,1-10千伏,0.346080,0.488487,0.199151,无,无,无,07:00-09:00、17:00-23:00,00:00-07:00、23:00-24:00,09:00-17:00,无,无
青海,2025年7月,工商业两部制用电,1-10(20)千伏,0.42219,0.439949,0.415367,无,无,无,07:00-09:00、17:00-23:00,00:00-07:00、23:00-24:00,09:00-17:00,无,高峰上浮63%低谷下浮65% 
青海,2025年8月,工商业两部制用电,1-10(20)千伏,0.430465,0.4553,0.445439,无,无,无,07:00-09:00、17:00-23:00,00:00-07:00、23:00-24:00,09:00-17:00,无,高峰上浮63%低谷下浮65% 
青海,2025年9月,工商业两部制用电,1-10(20)千伏,0.454356,0.469029,0.443576,无,无,无,07:00-09:00、17:00-23:00,00:00-07:00、23:00-24:00,09:00-17:00,无,高峰上浮63%低谷下浮65% 
青海,2025年10月,工商业两部制用电,1-10(20)千伏,0.446827,0.476424,0.425726,无,无,无,07:00-09:00、17:00-23:00,00:00-07:00、23:00-24:00,09:00-17:00,无,高峰上浮63%低谷下浮65%
青海,2025年11月,工商业两部制用电,1-10(20)千伏,0.441281,0.498091,0.359565,无,无,无,07:00-09:00、17:00-23:00,00:00-07:00、23:00-24:00,09:00-17:00,无,高峰上浮63%低谷下浮65%
青海,2025年12月,工商业两部制用电,1-10(20)千伏,0.455363,0.492461,0.348841,无,无,无,07:00-09:00、17:00-23:00,00:00-07:00、23:00-24:00,09:00-17:00,无,高峰上浮63%低谷下浮65% 

宁夏,2025年1月,两部制,1-10千伏,0.424459,0.632659,0.289259,无,无,无,07:00-09:00、17:00-23:00,00:00-07:00、23:00-00:00,09:00-17:00,无,无
宁夏,2025年2月,两部制,1-10千伏,0.447379,0.628379,0.308279,无,无,无,07:00-09:00、17:00-23:00,00:00-07:00、23:00-00:00,09:00-17:00,无,无
宁夏,2025年3月,两部制,1-10千伏,0.421078,0.602178,0.276478,无,无,无,07:00-09:00、17:00-23:00,00:00-07:00、23:00-00:00,09:00-17:00,无,无
宁夏,2025年4月,两部制,1-10千伏,0.414789,0.589889,0.253689,无,无,无,07:00-09:00、17:00-23:00,00:00-07:00、23:00-00:00,09:00-17:00,无,无
宁夏,2025年5月,两部制,1-10千伏,0.410741,0.589241,0.261741,无,无,无,07:00-09:00、17:00-23:00,00:00-07:00、23:00-00:00,09:00-17:00,无,无
宁夏,2025年6月,两部制,1-10千伏,0.407528,0.582328,0.233028,无,无,无,07:00-09:00、17:00-23:00,00:00-07:00、23:00-00:00,09:00-17:00,无,无
宁夏,2025年7月,两部制,1-10千伏,0.398752,0.576052,0.235052,无,无,无,07:00-09:00、17:00-23:00,00:00-07:00、23:00-00:00,09:00-17:00,无,无
宁夏,2025年8月,两部制,1-10千伏,0.410447,0.588847,0.267847,无,无,无,07:00-09:00、17:00-23:00,00:00-07:00、23:00-00:00,09:00-17:00,无,无
宁夏,2025年9月,两部制,1-10千伏,0.397486,0.577186,0.260086,无,无,无,07:00-09:00、17:00-23:00,00:00-07:00、23:00-00:00,09:00-17:00,无,无
宁夏,2025年10月,两部制,1-10千伏,0.377757,0.558657,0.226157,无,无,无,07:00-09:00、17:00-23:00,00:00-07:00、23:00-00:00,09:00-17:00,无,无
宁夏,2025年11月,工商业两部制,1-10千伏,0.417340,0.598140,0.273340,无,无,无,7:00-9:00、17:00-23:00,0:00-7:00、23:00-24:00,9:00-17:00,无,高耗能及无正当理由改由电网代理用户购电价格按1.5倍执行
宁夏,2025年12月,工商业两部制,1-10千伏,0.426297,0.598297,0.280097,无,无,无,7:00-9:00、17:00-23:00,0:00-7:00、23:00-24:00,9:00-17:00,无,高耗能及无正当理由改由电网代理用户购电价格按1.5倍执行

新疆,2025年1月,工商业用电-两部制,1-10千伏,0.411661,0.589677,0.250013,0.645941,无,19:00-21:00,08:00-11:00、21:00-24:00,00:00-04:00、11:00-13:00、17:00-19:00,04:00-08:00、13:00-17:00,无,无
新疆,2025年2月,工商业用电-两部制,1-10千伏,0.405616,0.575821,0.262304,无,无,无,08:00-11:00、19:00-24:00,00:00-04:00、11:00-13:00、17:00-19:00,04:00-08:00、13:00-17:00,无,无
新疆,2025年3月,工商业用电-两部制,1-10千伏,0.447957,0.579815,0.333880,无,无,无,08:00-11:00、19:00-24:00,00:00-04:00、11:00-13:00、17:00-19:00,04:00-08:00、13:00-17:00,无,无
新疆,2025年4月,工商业用电-两部制,1-10千伏,0.444470,0.603574,0.328118,无,无,无,08:00-11:00、19:00-24:00,00:00-04:00、11:00-13:00、17:00-19:00,04:00-08:00、13:00-17:00,无,无
新疆,2025年5月,工商业用电-两部制,1-10千伏,0.409861,0.559401,0.282859,无,0.242825,无,08:00-11:00、19:00-24:00,00:00-04:00、11:00-13:00、17:00-19:00,04:00-08:00、13:00-14:00、16:00-17:00,14:00-16:00,无
新疆,2025年6月,工商业用电-两部制,1-10千伏,0.441514,0.582538,0.316168,无,0.298482,无,08:00-11:00、19:00-24:00,00:00-04:00、11:00-13:00、17:00-19:00,04:00-08:00、13:00-14:00、16:00-17:00,14:00-16:00,无
新疆,2025年7月,工商业用电-两部制,1-10千伏,0.417234,0.563315,0.289958,0.619128,0.281579,21:00-23:00,08:00-11:00、19:00-21:00、23:00-24:00,00:00-04:00、11:00-13:00、17:00-19:00,04:00-08:00、13:00-14:00、16:00-17:00,14:00-16:00,无
新疆,2025年8月,工商业用电-两部制,1-10千伏,0.447959,0.602747,0.320587,无,0.320584,无,08:00-11:00、19:00-24:00,00:00-04:00、11:00-13:00、17:00-19:00,04:00-08:00、13:00-14:00、16:00-17:00,14:00-16:00,无
新疆,2025年9月,工商业用电-两部制,1-10千伏,0.459307,0.608408,0.341588,无,无,无,08:00-11:00、19:00-24:00,00:00-04:00、11:00-13:00、17:00-19:00,04:00-08:00、13:00-17:00,无,无
新疆,2025年10月,工商业用电-两部制,1-10千伏,0.450489,0.599241,0.337279,无,无,无,08:00-11:00、19:00-24:00,00:00-04:00、11:00-13:00、17:00-19:00,04:00-08:00、13:00-17:00,无,无
新疆,2025年11月,工商业用电-两部制,1-10千伏,0.427123,0.580723,0.291047,0.630004,无,19:00-21:00,08:00-11:00、21:00-24:00,00:00-04:00、11:00-13:00、17:00-19:00,04:00-08:00、13:00-17:00,无,无
新疆,2025年12月,工商业用电-两部制,1-10千伏,0.421301,0.557458,0.301491,0.599637,无,19:00-21:00,08:00-11:00、21:00-24:00,00:00-04:00、11:00-13:00、17:00-19:00,04:00-08:00、13:00-17:00,无,无
